Ligand_name,Ligand_No,L_RDKit_PC_0,L_RDKit_PC_1,L_RDKit_PC_2,L_RDKit_PC_3,L_RDKit_PC_4,L_RDKit_PC_5,Substrate_name,Substrate_No,S_RDKit_PC_0,S_RDKit_PC_1,S_RDKit_PC_2,S_RDKit_PC_3,Yield
dppm,L1,1.6657750248467753,-2.6315021980771207,-2.284148604022013,-1.503732102559759,0.061785441008781555,-0.30378143478803393,benzophenone,1a,0.7737925339873365,-2.7674607796871595,-3.6930882016471642,-3.3451504923759465,20
dppm,L1,1.6657750248467753,-2.6315021980771207,-2.284148604022013,-1.503732102559759,0.061785441008781555,-0.30378143478803393,"4,4'-dimethylbenzophenone",1b,3.821480361551077,-0.9184051203124552,-3.640502156316493,-5.362937696014983,9
dppm,L1,1.6657750248467753,-2.6315021980771207,-2.284148604022013,-1.503732102559759,0.061785441008781555,-0.30378143478803393,"4,4'-dimethoxybenzophenone",1c,13.66897938740345,-4.5099245760941615,-0.3059911842964471,6.638505567689558,7
dppm,L1,1.6657750248467753,-2.6315021980771207,-2.284148604022013,-1.503732102559759,0.061785441008781555,-0.30378143478803393,"4,4'-difluorobenzophenone",1d,3.946023986367333,-3.2733814026657004,2.6067157948447535,-4.949715189077373,18
dppm,L1,1.6657750248467753,-2.6315021980771207,-2.284148604022013,-1.503732102559759,0.061785441008781555,-0.30378143478803393,acetophenone,1e,-8.06627865470291,-4.03632733967096,-3.696037125795288,1.9626855742724159,34
dppm,L1,1.6657750248467753,-2.6315021980771207,-2.284148604022013,-1.503732102559759,0.061785441008781555,-0.30378143478803393,"2,2,2-trifluoroacetophenone",1f,-5.788456264144951,-6.870787503486477,9.491434386192193,0.27096175669090905,89
dppm,L1,1.6657750248467753,-2.6315021980771207,-2.284148604022013,-1.503732102559759,0.061785441008781555,-0.30378143478803393,cyclohexyl_phenyl_ketone,1g,0.7184066861033193,5.37254674510908,-0.048679156364845745,-0.7853745755166909,5
dppm,L1,1.6657750248467753,-2.6315021980771207,-2.284148604022013,-1.503732102559759,0.061785441008781555,-0.30378143478803393,alpha-tetralone,1h,-5.346147185428582,1.5862557711213174,-2.680124679846684,2.142779212048202,3
dppm,L1,1.6657750248467753,-2.6315021980771207,-2.284148604022013,-1.503732102559759,0.061785441008781555,-0.30378143478803393,beta-tetralone,1i,-5.81509503288946,2.489819221554149,-2.2013778785014475,3.2728069715514505,85
dppm,L1,1.6657750248467753,-2.6315021980771207,-2.284148604022013,-1.503732102559759,0.061785441008781555,-0.30378143478803393,dicyclohexyl_ketone,1j,2.087294181753368,12.927664984132365,4.167650201731418,0.15543887073247079,0
dppe,L2,2.0554413538338685,-2.740661543560527,-1.5283547468205354,-1.5111421377021643,0.8768400600101818,-0.7918832632454423,benzophenone,1a,0.7737925339873365,-2.7674607796871595,-3.6930882016471642,-3.3451504923759465,3
dppe,L2,2.0554413538338685,-2.740661543560527,-1.5283547468205354,-1.5111421377021643,0.8768400600101818,-0.7918832632454423,"4,4'-dimethylbenzophenone",1b,3.821480361551077,-0.9184051203124552,-3.640502156316493,-5.362937696014983,2
dppe,L2,2.0554413538338685,-2.740661543560527,-1.5283547468205354,-1.5111421377021643,0.8768400600101818,-0.7918832632454423,"4,4'-dimethoxybenzophenone",1c,13.66897938740345,-4.5099245760941615,-0.3059911842964471,6.638505567689558,1
dppe,L2,2.0554413538338685,-2.740661543560527,-1.5283547468205354,-1.5111421377021643,0.8768400600101818,-0.7918832632454423,"4,4'-difluorobenzophenone",1d,3.946023986367333,-3.2733814026657004,2.6067157948447535,-4.949715189077373,3
dppe,L2,2.0554413538338685,-2.740661543560527,-1.5283547468205354,-1.5111421377021643,0.8768400600101818,-0.7918832632454423,acetophenone,1e,-8.06627865470291,-4.03632733967096,-3.696037125795288,1.9626855742724159,3
dppe,L2,2.0554413538338685,-2.740661543560527,-1.5283547468205354,-1.5111421377021643,0.8768400600101818,-0.7918832632454423,"2,2,2-trifluoroacetophenone",1f,-5.788456264144951,-6.870787503486477,9.491434386192193,0.27096175669090905,28
dppe,L2,2.0554413538338685,-2.740661543560527,-1.5283547468205354,-1.5111421377021643,0.8768400600101818,-0.7918832632454423,cyclohexyl_phenyl_ketone,1g,0.7184066861033193,5.37254674510908,-0.048679156364845745,-0.7853745755166909,1
dppe,L2,2.0554413538338685,-2.740661543560527,-1.5283547468205354,-1.5111421377021643,0.8768400600101818,-0.7918832632454423,alpha-tetralone,1h,-5.346147185428582,1.5862557711213174,-2.680124679846684,2.142779212048202,1
dppe,L2,2.0554413538338685,-2.740661543560527,-1.5283547468205354,-1.5111421377021643,0.8768400600101818,-0.7918832632454423,beta-tetralone,1i,-5.81509503288946,2.489819221554149,-2.2013778785014475,3.2728069715514505,31
dppe,L2,2.0554413538338685,-2.740661543560527,-1.5283547468205354,-1.5111421377021643,0.8768400600101818,-0.7918832632454423,dicyclohexyl_ketone,1j,2.087294181753368,12.927664984132365,4.167650201731418,0.15543887073247079,0
dppp,L3,2.642105733178296,-2.6907667902156196,-0.898724391750215,-1.3442943449323408,0.9926903426892826,-0.821734190110039,benzophenone,1a,0.7737925339873365,-2.7674607796871595,-3.6930882016471642,-3.3451504923759465,5
dppp,L3,2.642105733178296,-2.6907667902156196,-0.898724391750215,-1.3442943449323408,0.9926903426892826,-0.821734190110039,"4,4'-dimethylbenzophenone",1b,3.821480361551077,-0.9184051203124552,-3.640502156316493,-5.362937696014983,1
dppp,L3,2.642105733178296,-2.6907667902156196,-0.898724391750215,-1.3442943449323408,0.9926903426892826,-0.821734190110039,"4,4'-dimethoxybenzophenone",1c,13.66897938740345,-4.5099245760941615,-0.3059911842964471,6.638505567689558,1
dppp,L3,2.642105733178296,-2.6907667902156196,-0.898724391750215,-1.3442943449323408,0.9926903426892826,-0.821734190110039,"4,4'-difluorobenzophenone",1d,3.946023986367333,-3.2733814026657004,2.6067157948447535,-4.949715189077373,3
dppp,L3,2.642105733178296,-2.6907667902156196,-0.898724391750215,-1.3442943449323408,0.9926903426892826,-0.821734190110039,acetophenone,1e,-8.06627865470291,-4.03632733967096,-3.696037125795288,1.9626855742724159,3
dppp,L3,2.642105733178296,-2.6907667902156196,-0.898724391750215,-1.3442943449323408,0.9926903426892826,-0.821734190110039,"2,2,2-trifluoroacetophenone",1f,-5.788456264144951,-6.870787503486477,9.491434386192193,0.27096175669090905,16
dppp,L3,2.642105733178296,-2.6907667902156196,-0.898724391750215,-1.3442943449323408,0.9926903426892826,-0.821734190110039,cyclohexyl_phenyl_ketone,1g,0.7184066861033193,5.37254674510908,-0.048679156364845745,-0.7853745755166909,3
dppp,L3,2.642105733178296,-2.6907667902156196,-0.898724391750215,-1.3442943449323408,0.9926903426892826,-0.821734190110039,alpha-tetralone,1h,-5.346147185428582,1.5862557711213174,-2.680124679846684,2.142779212048202,4
dppp,L3,2.642105733178296,-2.6907667902156196,-0.898724391750215,-1.3442943449323408,0.9926903426892826,-0.821734190110039,beta-tetralone,1i,-5.81509503288946,2.489819221554149,-2.2013778785014475,3.2728069715514505,2
dppp,L3,2.642105733178296,-2.6907667902156196,-0.898724391750215,-1.3442943449323408,0.9926903426892826,-0.821734190110039,dicyclohexyl_ketone,1j,2.087294181753368,12.927664984132365,4.167650201731418,0.15543887073247079,0
dppb,L4,3.4694880314244254,-2.8131171959561247,-0.4239988449202515,-1.3233611305371271,1.3399525083005948,-1.2898686796251475,benzophenone,1a,0.7737925339873365,-2.7674607796871595,-3.6930882016471642,-3.3451504923759465,93
dppb,L4,3.4694880314244254,-2.8131171959561247,-0.4239988449202515,-1.3233611305371271,1.3399525083005948,-1.2898686796251475,"4,4'-dimethylbenzophenone",1b,3.821480361551077,-0.9184051203124552,-3.640502156316493,-5.362937696014983,90
dppb,L4,3.4694880314244254,-2.8131171959561247,-0.4239988449202515,-1.3233611305371271,1.3399525083005948,-1.2898686796251475,"4,4'-dimethoxybenzophenone",1c,13.66897938740345,-4.5099245760941615,-0.3059911842964471,6.638505567689558,95
dppb,L4,3.4694880314244254,-2.8131171959561247,-0.4239988449202515,-1.3233611305371271,1.3399525083005948,-1.2898686796251475,"4,4'-difluorobenzophenone",1d,3.946023986367333,-3.2733814026657004,2.6067157948447535,-4.949715189077373,94
dppb,L4,3.4694880314244254,-2.8131171959561247,-0.4239988449202515,-1.3233611305371271,1.3399525083005948,-1.2898686796251475,acetophenone,1e,-8.06627865470291,-4.03632733967096,-3.696037125795288,1.9626855742724159,80
dppb,L4,3.4694880314244254,-2.8131171959561247,-0.4239988449202515,-1.3233611305371271,1.3399525083005948,-1.2898686796251475,"2,2,2-trifluoroacetophenone",1f,-5.788456264144951,-6.870787503486477,9.491434386192193,0.27096175669090905,86
dppb,L4,3.4694880314244254,-2.8131171959561247,-0.4239988449202515,-1.3233611305371271,1.3399525083005948,-1.2898686796251475,cyclohexyl_phenyl_ketone,1g,0.7184066861033193,5.37254674510908,-0.048679156364845745,-0.7853745755166909,98
dppb,L4,3.4694880314244254,-2.8131171959561247,-0.4239988449202515,-1.3233611305371271,1.3399525083005948,-1.2898686796251475,alpha-tetralone,1h,-5.346147185428582,1.5862557711213174,-2.680124679846684,2.142779212048202,5
dppb,L4,3.4694880314244254,-2.8131171959561247,-0.4239988449202515,-1.3233611305371271,1.3399525083005948,-1.2898686796251475,beta-tetralone,1i,-5.81509503288946,2.489819221554149,-2.2013778785014475,3.2728069715514505,84
dppb,L4,3.4694880314244254,-2.8131171959561247,-0.4239988449202515,-1.3233611305371271,1.3399525083005948,-1.2898686796251475,dicyclohexyl_ketone,1j,2.087294181753368,12.927664984132365,4.167650201731418,0.15543887073247079,17
dppbz,L5,4.930093827581206,-2.916886653586576,-2.707181069749804,-1.6987558762417585,-0.6167246105162433,-1.4040351050914266,benzophenone,1a,0.7737925339873365,-2.7674607796871595,-3.6930882016471642,-3.3451504923759465,4
dppbz,L5,4.930093827581206,-2.916886653586576,-2.707181069749804,-1.6987558762417585,-0.6167246105162433,-1.4040351050914266,"4,4'-dimethylbenzophenone",1b,3.821480361551077,-0.9184051203124552,-3.640502156316493,-5.362937696014983,3
dppbz,L5,4.930093827581206,-2.916886653586576,-2.707181069749804,-1.6987558762417585,-0.6167246105162433,-1.4040351050914266,"4,4'-dimethoxybenzophenone",1c,13.66897938740345,-4.5099245760941615,-0.3059911842964471,6.638505567689558,7
dppbz,L5,4.930093827581206,-2.916886653586576,-2.707181069749804,-1.6987558762417585,-0.6167246105162433,-1.4040351050914266,"4,4'-difluorobenzophenone",1d,3.946023986367333,-3.2733814026657004,2.6067157948447535,-4.949715189077373,6
dppbz,L5,4.930093827581206,-2.916886653586576,-2.707181069749804,-1.6987558762417585,-0.6167246105162433,-1.4040351050914266,acetophenone,1e,-8.06627865470291,-4.03632733967096,-3.696037125795288,1.9626855742724159,3
dppbz,L5,4.930093827581206,-2.916886653586576,-2.707181069749804,-1.6987558762417585,-0.6167246105162433,-1.4040351050914266,"2,2,2-trifluoroacetophenone",1f,-5.788456264144951,-6.870787503486477,9.491434386192193,0.27096175669090905,36
dppbz,L5,4.930093827581206,-2.916886653586576,-2.707181069749804,-1.6987558762417585,-0.6167246105162433,-1.4040351050914266,cyclohexyl_phenyl_ketone,1g,0.7184066861033193,5.37254674510908,-0.048679156364845745,-0.7853745755166909,2
dppbz,L5,4.930093827581206,-2.916886653586576,-2.707181069749804,-1.6987558762417585,-0.6167246105162433,-1.4040351050914266,alpha-tetralone,1h,-5.346147185428582,1.5862557711213174,-2.680124679846684,2.142779212048202,1
dppbz,L5,4.930093827581206,-2.916886653586576,-2.707181069749804,-1.6987558762417585,-0.6167246105162433,-1.4040351050914266,beta-tetralone,1i,-5.81509503288946,2.489819221554149,-2.2013778785014475,3.2728069715514505,12
dppbz,L5,4.930093827581206,-2.916886653586576,-2.707181069749804,-1.6987558762417585,-0.6167246105162433,-1.4040351050914266,dicyclohexyl_ketone,1j,2.087294181753368,12.927664984132365,4.167650201731418,0.15543887073247079,0
"2,2'-bis(diphenylphosphino)biphenyl",L6,8.80678798934549,-2.6931367170229885,-1.136846264556108,-1.746797843378289,-1.424748776169024,-1.913973426343063,benzophenone,1a,0.7737925339873365,-2.7674607796871595,-3.6930882016471642,-3.3451504923759465,25
"2,2'-bis(diphenylphosphino)biphenyl",L6,8.80678798934549,-2.6931367170229885,-1.136846264556108,-1.746797843378289,-1.424748776169024,-1.913973426343063,"4,4'-dimethylbenzophenone",1b,3.821480361551077,-0.9184051203124552,-3.640502156316493,-5.362937696014983,13
"2,2'-bis(diphenylphosphino)biphenyl",L6,8.80678798934549,-2.6931367170229885,-1.136846264556108,-1.746797843378289,-1.424748776169024,-1.913973426343063,"4,4'-dimethoxybenzophenone",1c,13.66897938740345,-4.5099245760941615,-0.3059911842964471,6.638505567689558,10
"2,2'-bis(diphenylphosphino)biphenyl",L6,8.80678798934549,-2.6931367170229885,-1.136846264556108,-1.746797843378289,-1.424748776169024,-1.913973426343063,"4,4'-difluorobenzophenone",1d,3.946023986367333,-3.2733814026657004,2.6067157948447535,-4.949715189077373,51
"2,2'-bis(diphenylphosphino)biphenyl",L6,8.80678798934549,-2.6931367170229885,-1.136846264556108,-1.746797843378289,-1.424748776169024,-1.913973426343063,acetophenone,1e,-8.06627865470291,-4.03632733967096,-3.696037125795288,1.9626855742724159,21
"2,2'-bis(diphenylphosphino)biphenyl",L6,8.80678798934549,-2.6931367170229885,-1.136846264556108,-1.746797843378289,-1.424748776169024,-1.913973426343063,"2,2,2-trifluoroacetophenone",1f,-5.788456264144951,-6.870787503486477,9.491434386192193,0.27096175669090905,96
"2,2'-bis(diphenylphosphino)biphenyl",L6,8.80678798934549,-2.6931367170229885,-1.136846264556108,-1.746797843378289,-1.424748776169024,-1.913973426343063,cyclohexyl_phenyl_ketone,1g,0.7184066861033193,5.37254674510908,-0.048679156364845745,-0.7853745755166909,11
"2,2'-bis(diphenylphosphino)biphenyl",L6,8.80678798934549,-2.6931367170229885,-1.136846264556108,-1.746797843378289,-1.424748776169024,-1.913973426343063,alpha-tetralone,1h,-5.346147185428582,1.5862557711213174,-2.680124679846684,2.142779212048202,13
"2,2'-bis(diphenylphosphino)biphenyl",L6,8.80678798934549,-2.6931367170229885,-1.136846264556108,-1.746797843378289,-1.424748776169024,-1.913973426343063,beta-tetralone,1i,-5.81509503288946,2.489819221554149,-2.2013778785014475,3.2728069715514505,95
"2,2'-bis(diphenylphosphino)biphenyl",L6,8.80678798934549,-2.6931367170229885,-1.136846264556108,-1.746797843378289,-1.424748776169024,-1.913973426343063,dicyclohexyl_ketone,1j,2.087294181753368,12.927664984132365,4.167650201731418,0.15543887073247079,3
"1,8-bis(diphenylphosphino)naphthalene",L7,7.945793018720546,-3.0100659417646383,-1.7366838682892356,-1.8430305011151775,-1.6340937323265334,-1.5151546444593624,benzophenone,1a,0.7737925339873365,-2.7674607796871595,-3.6930882016471642,-3.3451504923759465,31
"1,8-bis(diphenylphosphino)naphthalene",L7,7.945793018720546,-3.0100659417646383,-1.7366838682892356,-1.8430305011151775,-1.6340937323265334,-1.5151546444593624,"4,4'-dimethylbenzophenone",1b,3.821480361551077,-0.9184051203124552,-3.640502156316493,-5.362937696014983,6
"1,8-bis(diphenylphosphino)naphthalene",L7,7.945793018720546,-3.0100659417646383,-1.7366838682892356,-1.8430305011151775,-1.6340937323265334,-1.5151546444593624,"4,4'-dimethoxybenzophenone",1c,13.66897938740345,-4.5099245760941615,-0.3059911842964471,6.638505567689558,4
"1,8-bis(diphenylphosphino)naphthalene",L7,7.945793018720546,-3.0100659417646383,-1.7366838682892356,-1.8430305011151775,-1.6340937323265334,-1.5151546444593624,"4,4'-difluorobenzophenone",1d,3.946023986367333,-3.2733814026657004,2.6067157948447535,-4.949715189077373,17
"1,8-bis(diphenylphosphino)naphthalene",L7,7.945793018720546,-3.0100659417646383,-1.7366838682892356,-1.8430305011151775,-1.6340937323265334,-1.5151546444593624,acetophenone,1e,-8.06627865470291,-4.03632733967096,-3.696037125795288,1.9626855742724159,14
"1,8-bis(diphenylphosphino)naphthalene",L7,7.945793018720546,-3.0100659417646383,-1.7366838682892356,-1.8430305011151775,-1.6340937323265334,-1.5151546444593624,"2,2,2-trifluoroacetophenone",1f,-5.788456264144951,-6.870787503486477,9.491434386192193,0.27096175669090905,73
"1,8-bis(diphenylphosphino)naphthalene",L7,7.945793018720546,-3.0100659417646383,-1.7366838682892356,-1.8430305011151775,-1.6340937323265334,-1.5151546444593624,cyclohexyl_phenyl_ketone,1g,0.7184066861033193,5.37254674510908,-0.048679156364845745,-0.7853745755166909,5
"1,8-bis(diphenylphosphino)naphthalene",L7,7.945793018720546,-3.0100659417646383,-1.7366838682892356,-1.8430305011151775,-1.6340937323265334,-1.5151546444593624,alpha-tetralone,1h,-5.346147185428582,1.5862557711213174,-2.680124679846684,2.142779212048202,7
"1,8-bis(diphenylphosphino)naphthalene",L7,7.945793018720546,-3.0100659417646383,-1.7366838682892356,-1.8430305011151775,-1.6340937323265334,-1.5151546444593624,beta-tetralone,1i,-5.81509503288946,2.489819221554149,-2.2013778785014475,3.2728069715514505,36
"1,8-bis(diphenylphosphino)naphthalene",L7,7.945793018720546,-3.0100659417646383,-1.7366838682892356,-1.8430305011151775,-1.6340937323265334,-1.5151546444593624,dicyclohexyl_ketone,1j,2.087294181753368,12.927664984132365,4.167650201731418,0.15543887073247079,0
bis[2-(diphenylphosphino)phenyl]_ether,L8,9.490768608884848,1.45936048325567,-1.6039159754253993,-1.8368477607265277,-1.2546835236497595,0.5343439152307423,benzophenone,1a,0.7737925339873365,-2.7674607796871595,-3.6930882016471642,-3.3451504923759465,99
bis[2-(diphenylphosphino)phenyl]_ether,L8,9.490768608884848,1.45936048325567,-1.6039159754253993,-1.8368477607265277,-1.2546835236497595,0.5343439152307423,"4,4'-dimethylbenzophenone",1b,3.821480361551077,-0.9184051203124552,-3.640502156316493,-5.362937696014983,99
bis[2-(diphenylphosphino)phenyl]_ether,L8,9.490768608884848,1.45936048325567,-1.6039159754253993,-1.8368477607265277,-1.2546835236497595,0.5343439152307423,"4,4'-dimethoxybenzophenone",1c,13.66897938740345,-4.5099245760941615,-0.3059911842964471,6.638505567689558,85
bis[2-(diphenylphosphino)phenyl]_ether,L8,9.490768608884848,1.45936048325567,-1.6039159754253993,-1.8368477607265277,-1.2546835236497595,0.5343439152307423,"4,4'-difluorobenzophenone",1d,3.946023986367333,-3.2733814026657004,2.6067157948447535,-4.949715189077373,99
bis[2-(diphenylphosphino)phenyl]_ether,L8,9.490768608884848,1.45936048325567,-1.6039159754253993,-1.8368477607265277,-1.2546835236497595,0.5343439152307423,acetophenone,1e,-8.06627865470291,-4.03632733967096,-3.696037125795288,1.9626855742724159,86
bis[2-(diphenylphosphino)phenyl]_ether,L8,9.490768608884848,1.45936048325567,-1.6039159754253993,-1.8368477607265277,-1.2546835236497595,0.5343439152307423,"2,2,2-trifluoroacetophenone",1f,-5.788456264144951,-6.870787503486477,9.491434386192193,0.27096175669090905,91
bis[2-(diphenylphosphino)phenyl]_ether,L8,9.490768608884848,1.45936048325567,-1.6039159754253993,-1.8368477607265277,-1.2546835236497595,0.5343439152307423,cyclohexyl_phenyl_ketone,1g,0.7184066861033193,5.37254674510908,-0.048679156364845745,-0.7853745755166909,98
bis[2-(diphenylphosphino)phenyl]_ether,L8,9.490768608884848,1.45936048325567,-1.6039159754253993,-1.8368477607265277,-1.2546835236497595,0.5343439152307423,alpha-tetralone,1h,-5.346147185428582,1.5862557711213174,-2.680124679846684,2.142779212048202,39
bis[2-(diphenylphosphino)phenyl]_ether,L8,9.490768608884848,1.45936048325567,-1.6039159754253993,-1.8368477607265277,-1.2546835236497595,0.5343439152307423,beta-tetralone,1i,-5.81509503288946,2.489819221554149,-2.2013778785014475,3.2728069715514505,94
bis[2-(diphenylphosphino)phenyl]_ether,L8,9.490768608884848,1.45936048325567,-1.6039159754253993,-1.8368477607265277,-1.2546835236497595,0.5343439152307423,dicyclohexyl_ketone,1j,2.087294181753368,12.927664984132365,4.167650201731418,0.15543887073247079,18
xantphos,L9,12.366506462483498,1.7314996594147685,0.7344898284240973,-1.2691003659040283,-3.307415684317557,5.114079548569631,benzophenone,1a,0.7737925339873365,-2.7674607796871595,-3.6930882016471642,-3.3451504923759465,96
xantphos,L9,12.366506462483498,1.7314996594147685,0.7344898284240973,-1.2691003659040283,-3.307415684317557,5.114079548569631,"4,4'-dimethylbenzophenone",1b,3.821480361551077,-0.9184051203124552,-3.640502156316493,-5.362937696014983,99
xantphos,L9,12.366506462483498,1.7314996594147685,0.7344898284240973,-1.2691003659040283,-3.307415684317557,5.114079548569631,"4,4'-dimethoxybenzophenone",1c,13.66897938740345,-4.5099245760941615,-0.3059911842964471,6.638505567689558,88
xantphos,L9,12.366506462483498,1.7314996594147685,0.7344898284240973,-1.2691003659040283,-3.307415684317557,5.114079548569631,"4,4'-difluorobenzophenone",1d,3.946023986367333,-3.2733814026657004,2.6067157948447535,-4.949715189077373,99
xantphos,L9,12.366506462483498,1.7314996594147685,0.7344898284240973,-1.2691003659040283,-3.307415684317557,5.114079548569631,acetophenone,1e,-8.06627865470291,-4.03632733967096,-3.696037125795288,1.9626855742724159,70
xantphos,L9,12.366506462483498,1.7314996594147685,0.7344898284240973,-1.2691003659040283,-3.307415684317557,5.114079548569631,"2,2,2-trifluoroacetophenone",1f,-5.788456264144951,-6.870787503486477,9.491434386192193,0.27096175669090905,90
xantphos,L9,12.366506462483498,1.7314996594147685,0.7344898284240973,-1.2691003659040283,-3.307415684317557,5.114079548569631,cyclohexyl_phenyl_ketone,1g,0.7184066861033193,5.37254674510908,-0.048679156364845745,-0.7853745755166909,96
xantphos,L9,12.366506462483498,1.7314996594147685,0.7344898284240973,-1.2691003659040283,-3.307415684317557,5.114079548569631,alpha-tetralone,1h,-5.346147185428582,1.5862557711213174,-2.680124679846684,2.142779212048202,19
xantphos,L9,12.366506462483498,1.7314996594147685,0.7344898284240973,-1.2691003659040283,-3.307415684317557,5.114079548569631,beta-tetralone,1i,-5.81509503288946,2.489819221554149,-2.2013778785014475,3.2728069715514505,96
xantphos,L9,12.366506462483498,1.7314996594147685,0.7344898284240973,-1.2691003659040283,-3.307415684317557,5.114079548569631,dicyclohexyl_ketone,1j,2.087294181753368,12.927664984132365,4.167650201731418,0.15543887073247079,27
"1,3-bis[(di-tert-butylphosphino)oxy]benzene",L10,-1.3504870598889485,2.7592647753049335,3.431328856318092,1.24972924858552,0.4860288529824087,7.796911760952994,benzophenone,1a,0.7737925339873365,-2.7674607796871595,-3.6930882016471642,-3.3451504923759465,3
"1,3-bis[(di-tert-butylphosphino)oxy]benzene",L10,-1.3504870598889485,2.7592647753049335,3.431328856318092,1.24972924858552,0.4860288529824087,7.796911760952994,"4,4'-dimethylbenzophenone",1b,3.821480361551077,-0.9184051203124552,-3.640502156316493,-5.362937696014983,2
"1,3-bis[(di-tert-butylphosphino)oxy]benzene",L10,-1.3504870598889485,2.7592647753049335,3.431328856318092,1.24972924858552,0.4860288529824087,7.796911760952994,"4,4'-dimethoxybenzophenone",1c,13.66897938740345,-4.5099245760941615,-0.3059911842964471,6.638505567689558,1
"1,3-bis[(di-tert-butylphosphino)oxy]benzene",L10,-1.3504870598889485,2.7592647753049335,3.431328856318092,1.24972924858552,0.4860288529824087,7.796911760952994,"4,4'-difluorobenzophenone",1d,3.946023986367333,-3.2733814026657004,2.6067157948447535,-4.949715189077373,3
"1,3-bis[(di-tert-butylphosphino)oxy]benzene",L10,-1.3504870598889485,2.7592647753049335,3.431328856318092,1.24972924858552,0.4860288529824087,7.796911760952994,acetophenone,1e,-8.06627865470291,-4.03632733967096,-3.696037125795288,1.9626855742724159,4
"1,3-bis[(di-tert-butylphosphino)oxy]benzene",L10,-1.3504870598889485,2.7592647753049335,3.431328856318092,1.24972924858552,0.4860288529824087,7.796911760952994,"2,2,2-trifluoroacetophenone",1f,-5.788456264144951,-6.870787503486477,9.491434386192193,0.27096175669090905,76
"1,3-bis[(di-tert-butylphosphino)oxy]benzene",L10,-1.3504870598889485,2.7592647753049335,3.431328856318092,1.24972924858552,0.4860288529824087,7.796911760952994,cyclohexyl_phenyl_ketone,1g,0.7184066861033193,5.37254674510908,-0.048679156364845745,-0.7853745755166909,2
"1,3-bis[(di-tert-butylphosphino)oxy]benzene",L10,-1.3504870598889485,2.7592647753049335,3.431328856318092,1.24972924858552,0.4860288529824087,7.796911760952994,alpha-tetralone,1h,-5.346147185428582,1.5862557711213174,-2.680124679846684,2.142779212048202,1
"1,3-bis[(di-tert-butylphosphino)oxy]benzene",L10,-1.3504870598889485,2.7592647753049335,3.431328856318092,1.24972924858552,0.4860288529824087,7.796911760952994,beta-tetralone,1i,-5.81509503288946,2.489819221554149,-2.2013778785014475,3.2728069715514505,0
"1,3-bis[(di-tert-butylphosphino)oxy]benzene",L10,-1.3504870598889485,2.7592647753049335,3.431328856318092,1.24972924858552,0.4860288529824087,7.796911760952994,dicyclohexyl_ketone,1j,2.087294181753368,12.927664984132365,4.167650201731418,0.15543887073247079,0
dppf,L11,10.294587026274838,-0.613241677579397,-3.2551413807348397,3.536290788259371,10.0888050404278,0.45859301164306476,benzophenone,1a,0.7737925339873365,-2.7674607796871595,-3.6930882016471642,-3.3451504923759465,93
dppf,L11,10.294587026274838,-0.613241677579397,-3.2551413807348397,3.536290788259371,10.0888050404278,0.45859301164306476,"4,4'-dimethylbenzophenone",1b,3.821480361551077,-0.9184051203124552,-3.640502156316493,-5.362937696014983,95
dppf,L11,10.294587026274838,-0.613241677579397,-3.2551413807348397,3.536290788259371,10.0888050404278,0.45859301164306476,"4,4'-dimethoxybenzophenone",1c,13.66897938740345,-4.5099245760941615,-0.3059911842964471,6.638505567689558,91
dppf,L11,10.294587026274838,-0.613241677579397,-3.2551413807348397,3.536290788259371,10.0888050404278,0.45859301164306476,"4,4'-difluorobenzophenone",1d,3.946023986367333,-3.2733814026657004,2.6067157948447535,-4.949715189077373,88
dppf,L11,10.294587026274838,-0.613241677579397,-3.2551413807348397,3.536290788259371,10.0888050404278,0.45859301164306476,acetophenone,1e,-8.06627865470291,-4.03632733967096,-3.696037125795288,1.9626855742724159,80
dppf,L11,10.294587026274838,-0.613241677579397,-3.2551413807348397,3.536290788259371,10.0888050404278,0.45859301164306476,"2,2,2-trifluoroacetophenone",1f,-5.788456264144951,-6.870787503486477,9.491434386192193,0.27096175669090905,86
dppf,L11,10.294587026274838,-0.613241677579397,-3.2551413807348397,3.536290788259371,10.0888050404278,0.45859301164306476,cyclohexyl_phenyl_ketone,1g,0.7184066861033193,5.37254674510908,-0.048679156364845745,-0.7853745755166909,93
dppf,L11,10.294587026274838,-0.613241677579397,-3.2551413807348397,3.536290788259371,10.0888050404278,0.45859301164306476,alpha-tetralone,1h,-5.346147185428582,1.5862557711213174,-2.680124679846684,2.142779212048202,15
dppf,L11,10.294587026274838,-0.613241677579397,-3.2551413807348397,3.536290788259371,10.0888050404278,0.45859301164306476,beta-tetralone,1i,-5.81509503288946,2.489819221554149,-2.2013778785014475,3.2728069715514505,95
dppf,L11,10.294587026274838,-0.613241677579397,-3.2551413807348397,3.536290788259371,10.0888050404278,0.45859301164306476,dicyclohexyl_ketone,1j,2.087294181753368,12.927664984132365,4.167650201731418,0.15543887073247079,18
triphenylphosphine,L12,-4.821557012065692,-3.1488989191670944,-3.9529940089863143,-1.3288806750402669,-0.04548860398533627,-0.24364118518239264,benzophenone,1a,0.7737925339873365,-2.7674607796871595,-3.6930882016471642,-3.3451504923759465,85
triphenylphosphine,L12,-4.821557012065692,-3.1488989191670944,-3.9529940089863143,-1.3288806750402669,-0.04548860398533627,-0.24364118518239264,"4,4'-dimethylbenzophenone",1b,3.821480361551077,-0.9184051203124552,-3.640502156316493,-5.362937696014983,57
triphenylphosphine,L12,-4.821557012065692,-3.1488989191670944,-3.9529940089863143,-1.3288806750402669,-0.04548860398533627,-0.24364118518239264,"4,4'-dimethoxybenzophenone",1c,13.66897938740345,-4.5099245760941615,-0.3059911842964471,6.638505567689558,31
triphenylphosphine,L12,-4.821557012065692,-3.1488989191670944,-3.9529940089863143,-1.3288806750402669,-0.04548860398533627,-0.24364118518239264,"4,4'-difluorobenzophenone",1d,3.946023986367333,-3.2733814026657004,2.6067157948447535,-4.949715189077373,96
triphenylphosphine,L12,-4.821557012065692,-3.1488989191670944,-3.9529940089863143,-1.3288806750402669,-0.04548860398533627,-0.24364118518239264,acetophenone,1e,-8.06627865470291,-4.03632733967096,-3.696037125795288,1.9626855742724159,46
triphenylphosphine,L12,-4.821557012065692,-3.1488989191670944,-3.9529940089863143,-1.3288806750402669,-0.04548860398533627,-0.24364118518239264,"2,2,2-trifluoroacetophenone",1f,-5.788456264144951,-6.870787503486477,9.491434386192193,0.27096175669090905,88
triphenylphosphine,L12,-4.821557012065692,-3.1488989191670944,-3.9529940089863143,-1.3288806750402669,-0.04548860398533627,-0.24364118518239264,cyclohexyl_phenyl_ketone,1g,0.7184066861033193,5.37254674510908,-0.048679156364845745,-0.7853745755166909,58
triphenylphosphine,L12,-4.821557012065692,-3.1488989191670944,-3.9529940089863143,-1.3288806750402669,-0.04548860398533627,-0.24364118518239264,alpha-tetralone,1h,-5.346147185428582,1.5862557711213174,-2.680124679846684,2.142779212048202,26
triphenylphosphine,L12,-4.821557012065692,-3.1488989191670944,-3.9529940089863143,-1.3288806750402669,-0.04548860398533627,-0.24364118518239264,beta-tetralone,1i,-5.81509503288946,2.489819221554149,-2.2013778785014475,3.2728069715514505,93
triphenylphosphine,L12,-4.821557012065692,-3.1488989191670944,-3.9529940089863143,-1.3288806750402669,-0.04548860398533627,-0.24364118518239264,dicyclohexyl_ketone,1j,2.087294181753368,12.927664984132365,4.167650201731418,0.15543887073247079,4
tri(p-tolyl)phosphine,L13,-3.557133773840755,-3.4062592168190204,-2.397351391387007,-0.8848173590878537,-1.227521078377624,-0.017533494916129724,benzophenone,1a,0.7737925339873365,-2.7674607796871595,-3.6930882016471642,-3.3451504923759465,84
tri(p-tolyl)phosphine,L13,-3.557133773840755,-3.4062592168190204,-2.397351391387007,-0.8848173590878537,-1.227521078377624,-0.017533494916129724,"4,4'-dimethylbenzophenone",1b,3.821480361551077,-0.9184051203124552,-3.640502156316493,-5.362937696014983,54
tri(p-tolyl)phosphine,L13,-3.557133773840755,-3.4062592168190204,-2.397351391387007,-0.8848173590878537,-1.227521078377624,-0.017533494916129724,"4,4'-dimethoxybenzophenone",1c,13.66897938740345,-4.5099245760941615,-0.3059911842964471,6.638505567689558,34
tri(p-tolyl)phosphine,L13,-3.557133773840755,-3.4062592168190204,-2.397351391387007,-0.8848173590878537,-1.227521078377624,-0.017533494916129724,"4,4'-difluorobenzophenone",1d,3.946023986367333,-3.2733814026657004,2.6067157948447535,-4.949715189077373,96
tri(p-tolyl)phosphine,L13,-3.557133773840755,-3.4062592168190204,-2.397351391387007,-0.8848173590878537,-1.227521078377624,-0.017533494916129724,acetophenone,1e,-8.06627865470291,-4.03632733967096,-3.696037125795288,1.9626855742724159,48
tri(p-tolyl)phosphine,L13,-3.557133773840755,-3.4062592168190204,-2.397351391387007,-0.8848173590878537,-1.227521078377624,-0.017533494916129724,"2,2,2-trifluoroacetophenone",1f,-5.788456264144951,-6.870787503486477,9.491434386192193,0.27096175669090905,88
tri(p-tolyl)phosphine,L13,-3.557133773840755,-3.4062592168190204,-2.397351391387007,-0.8848173590878537,-1.227521078377624,-0.017533494916129724,cyclohexyl_phenyl_ketone,1g,0.7184066861033193,5.37254674510908,-0.048679156364845745,-0.7853745755166909,53
tri(p-tolyl)phosphine,L13,-3.557133773840755,-3.4062592168190204,-2.397351391387007,-0.8848173590878537,-1.227521078377624,-0.017533494916129724,alpha-tetralone,1h,-5.346147185428582,1.5862557711213174,-2.680124679846684,2.142779212048202,22
tri(p-tolyl)phosphine,L13,-3.557133773840755,-3.4062592168190204,-2.397351391387007,-0.8848173590878537,-1.227521078377624,-0.017533494916129724,beta-tetralone,1i,-5.81509503288946,2.489819221554149,-2.2013778785014475,3.2728069715514505,98
tri(p-tolyl)phosphine,L13,-3.557133773840755,-3.4062592168190204,-2.397351391387007,-0.8848173590878537,-1.227521078377624,-0.017533494916129724,dicyclohexyl_ketone,1j,2.087294181753368,12.927664984132365,4.167650201731418,0.15543887073247079,3
tri(m-tolyl)phosphine,L14,-3.718012616004466,-3.372164632208222,-2.038923127479831,-0.8544562289232841,-1.3146048791466982,0.2654077968358326,benzophenone,1a,0.7737925339873365,-2.7674607796871595,-3.6930882016471642,-3.3451504923759465,92
tri(m-tolyl)phosphine,L14,-3.718012616004466,-3.372164632208222,-2.038923127479831,-0.8544562289232841,-1.3146048791466982,0.2654077968358326,"4,4'-dimethylbenzophenone",1b,3.821480361551077,-0.9184051203124552,-3.640502156316493,-5.362937696014983,68
tri(m-tolyl)phosphine,L14,-3.718012616004466,-3.372164632208222,-2.038923127479831,-0.8544562289232841,-1.3146048791466982,0.2654077968358326,"4,4'-dimethoxybenzophenone",1c,13.66897938740345,-4.5099245760941615,-0.3059911842964471,6.638505567689558,45
tri(m-tolyl)phosphine,L14,-3.718012616004466,-3.372164632208222,-2.038923127479831,-0.8544562289232841,-1.3146048791466982,0.2654077968358326,"4,4'-difluorobenzophenone",1d,3.946023986367333,-3.2733814026657004,2.6067157948447535,-4.949715189077373,94
tri(m-tolyl)phosphine,L14,-3.718012616004466,-3.372164632208222,-2.038923127479831,-0.8544562289232841,-1.3146048791466982,0.2654077968358326,acetophenone,1e,-8.06627865470291,-4.03632733967096,-3.696037125795288,1.9626855742724159,55
tri(m-tolyl)phosphine,L14,-3.718012616004466,-3.372164632208222,-2.038923127479831,-0.8544562289232841,-1.3146048791466982,0.2654077968358326,"2,2,2-trifluoroacetophenone",1f,-5.788456264144951,-6.870787503486477,9.491434386192193,0.27096175669090905,89
tri(m-tolyl)phosphine,L14,-3.718012616004466,-3.372164632208222,-2.038923127479831,-0.8544562289232841,-1.3146048791466982,0.2654077968358326,cyclohexyl_phenyl_ketone,1g,0.7184066861033193,5.37254674510908,-0.048679156364845745,-0.7853745755166909,58
tri(m-tolyl)phosphine,L14,-3.718012616004466,-3.372164632208222,-2.038923127479831,-0.8544562289232841,-1.3146048791466982,0.2654077968358326,alpha-tetralone,1h,-5.346147185428582,1.5862557711213174,-2.680124679846684,2.142779212048202,34
tri(m-tolyl)phosphine,L14,-3.718012616004466,-3.372164632208222,-2.038923127479831,-0.8544562289232841,-1.3146048791466982,0.2654077968358326,beta-tetralone,1i,-5.81509503288946,2.489819221554149,-2.2013778785014475,3.2728069715514505,95
tri(m-tolyl)phosphine,L14,-3.718012616004466,-3.372164632208222,-2.038923127479831,-0.8544562289232841,-1.3146048791466982,0.2654077968358326,dicyclohexyl_ketone,1j,2.087294181753368,12.927664984132365,4.167650201731418,0.15543887073247079,6
tri(o-tolyl)phosphine ,L15,-3.588360188092285,-3.3735336320074505,-2.0522230875637417,-0.8342735474081354,-1.5176832300112475,-0.18685488485722404,benzophenone,1a,0.7737925339873365,-2.7674607796871595,-3.6930882016471642,-3.3451504923759465,4
tri(o-tolyl)phosphine ,L15,-3.588360188092285,-3.3735336320074505,-2.0522230875637417,-0.8342735474081354,-1.5176832300112475,-0.18685488485722404,"4,4'-dimethylbenzophenone",1b,3.821480361551077,-0.9184051203124552,-3.640502156316493,-5.362937696014983,2
tri(o-tolyl)phosphine ,L15,-3.588360188092285,-3.3735336320074505,-2.0522230875637417,-0.8342735474081354,-1.5176832300112475,-0.18685488485722404,"4,4'-dimethoxybenzophenone",1c,13.66897938740345,-4.5099245760941615,-0.3059911842964471,6.638505567689558,0
tri(o-tolyl)phosphine ,L15,-3.588360188092285,-3.3735336320074505,-2.0522230875637417,-0.8342735474081354,-1.5176832300112475,-0.18685488485722404,"4,4'-difluorobenzophenone",1d,3.946023986367333,-3.2733814026657004,2.6067157948447535,-4.949715189077373,0
tri(o-tolyl)phosphine ,L15,-3.588360188092285,-3.3735336320074505,-2.0522230875637417,-0.8342735474081354,-1.5176832300112475,-0.18685488485722404,acetophenone,1e,-8.06627865470291,-4.03632733967096,-3.696037125795288,1.9626855742724159,0
tri(o-tolyl)phosphine ,L15,-3.588360188092285,-3.3735336320074505,-2.0522230875637417,-0.8342735474081354,-1.5176832300112475,-0.18685488485722404,"2,2,2-trifluoroacetophenone",1f,-5.788456264144951,-6.870787503486477,9.491434386192193,0.27096175669090905,14
tri(o-tolyl)phosphine ,L15,-3.588360188092285,-3.3735336320074505,-2.0522230875637417,-0.8342735474081354,-1.5176832300112475,-0.18685488485722404,cyclohexyl_phenyl_ketone,1g,0.7184066861033193,5.37254674510908,-0.048679156364845745,-0.7853745755166909,1
tri(o-tolyl)phosphine ,L15,-3.588360188092285,-3.3735336320074505,-2.0522230875637417,-0.8342735474081354,-1.5176832300112475,-0.18685488485722404,alpha-tetralone,1h,-5.346147185428582,1.5862557711213174,-2.680124679846684,2.142779212048202,2
tri(o-tolyl)phosphine ,L15,-3.588360188092285,-3.3735336320074505,-2.0522230875637417,-0.8342735474081354,-1.5176832300112475,-0.18685488485722404,beta-tetralone,1i,-5.81509503288946,2.489819221554149,-2.2013778785014475,3.2728069715514505,7
tri(o-tolyl)phosphine ,L15,-3.588360188092285,-3.3735336320074505,-2.0522230875637417,-0.8342735474081354,-1.5176832300112475,-0.18685488485722404,dicyclohexyl_ketone,1j,2.087294181753368,12.927664984132365,4.167650201731418,0.15543887073247079,0
"tris(3,5-dimethylphenyl)phosphine",L16,-2.07157286514674,-3.7117903907295795,-0.8612759062948325,-0.4431684855878092,-2.5186017883420755,0.15562061582811587,benzophenone,1a,0.7737925339873365,-2.7674607796871595,-3.6930882016471642,-3.3451504923759465,97
"tris(3,5-dimethylphenyl)phosphine",L16,-2.07157286514674,-3.7117903907295795,-0.8612759062948325,-0.4431684855878092,-2.5186017883420755,0.15562061582811587,"4,4'-dimethylbenzophenone",1b,3.821480361551077,-0.9184051203124552,-3.640502156316493,-5.362937696014983,76
"tris(3,5-dimethylphenyl)phosphine",L16,-2.07157286514674,-3.7117903907295795,-0.8612759062948325,-0.4431684855878092,-2.5186017883420755,0.15562061582811587,"4,4'-dimethoxybenzophenone",1c,13.66897938740345,-4.5099245760941615,-0.3059911842964471,6.638505567689558,58
"tris(3,5-dimethylphenyl)phosphine",L16,-2.07157286514674,-3.7117903907295795,-0.8612759062948325,-0.4431684855878092,-2.5186017883420755,0.15562061582811587,"4,4'-difluorobenzophenone",1d,3.946023986367333,-3.2733814026657004,2.6067157948447535,-4.949715189077373,94
"tris(3,5-dimethylphenyl)phosphine",L16,-2.07157286514674,-3.7117903907295795,-0.8612759062948325,-0.4431684855878092,-2.5186017883420755,0.15562061582811587,acetophenone,1e,-8.06627865470291,-4.03632733967096,-3.696037125795288,1.9626855742724159,73
"tris(3,5-dimethylphenyl)phosphine",L16,-2.07157286514674,-3.7117903907295795,-0.8612759062948325,-0.4431684855878092,-2.5186017883420755,0.15562061582811587,"2,2,2-trifluoroacetophenone",1f,-5.788456264144951,-6.870787503486477,9.491434386192193,0.27096175669090905,87
"tris(3,5-dimethylphenyl)phosphine",L16,-2.07157286514674,-3.7117903907295795,-0.8612759062948325,-0.4431684855878092,-2.5186017883420755,0.15562061582811587,cyclohexyl_phenyl_ketone,1g,0.7184066861033193,5.37254674510908,-0.048679156364845745,-0.7853745755166909,63
"tris(3,5-dimethylphenyl)phosphine",L16,-2.07157286514674,-3.7117903907295795,-0.8612759062948325,-0.4431684855878092,-2.5186017883420755,0.15562061582811587,alpha-tetralone,1h,-5.346147185428582,1.5862557711213174,-2.680124679846684,2.142779212048202,42
"tris(3,5-dimethylphenyl)phosphine",L16,-2.07157286514674,-3.7117903907295795,-0.8612759062948325,-0.4431684855878092,-2.5186017883420755,0.15562061582811587,beta-tetralone,1i,-5.81509503288946,2.489819221554149,-2.2013778785014475,3.2728069715514505,91
"tris(3,5-dimethylphenyl)phosphine",L16,-2.07157286514674,-3.7117903907295795,-0.8612759062948325,-0.4431684855878092,-2.5186017883420755,0.15562061582811587,dicyclohexyl_ketone,1j,2.087294181753368,12.927664984132365,4.167650201731418,0.15543887073247079,9
tris(4-methoxyphenyl)phosphine,L17,-2.6773165967909893,6.535718803705848,-1.8330815528166566,-2.787435085896505,0.2746591367343395,-1.395786773279898,benzophenone,1a,0.7737925339873365,-2.7674607796871595,-3.6930882016471642,-3.3451504923759465,82
tris(4-methoxyphenyl)phosphine,L17,-2.6773165967909893,6.535718803705848,-1.8330815528166566,-2.787435085896505,0.2746591367343395,-1.395786773279898,"4,4'-dimethylbenzophenone",1b,3.821480361551077,-0.9184051203124552,-3.640502156316493,-5.362937696014983,64
tris(4-methoxyphenyl)phosphine,L17,-2.6773165967909893,6.535718803705848,-1.8330815528166566,-2.787435085896505,0.2746591367343395,-1.395786773279898,"4,4'-dimethoxybenzophenone",1c,13.66897938740345,-4.5099245760941615,-0.3059911842964471,6.638505567689558,33
tris(4-methoxyphenyl)phosphine,L17,-2.6773165967909893,6.535718803705848,-1.8330815528166566,-2.787435085896505,0.2746591367343395,-1.395786773279898,"4,4'-difluorobenzophenone",1d,3.946023986367333,-3.2733814026657004,2.6067157948447535,-4.949715189077373,98
tris(4-methoxyphenyl)phosphine,L17,-2.6773165967909893,6.535718803705848,-1.8330815528166566,-2.787435085896505,0.2746591367343395,-1.395786773279898,acetophenone,1e,-8.06627865470291,-4.03632733967096,-3.696037125795288,1.9626855742724159,56
tris(4-methoxyphenyl)phosphine,L17,-2.6773165967909893,6.535718803705848,-1.8330815528166566,-2.787435085896505,0.2746591367343395,-1.395786773279898,"2,2,2-trifluoroacetophenone",1f,-5.788456264144951,-6.870787503486477,9.491434386192193,0.27096175669090905,85
tris(4-methoxyphenyl)phosphine,L17,-2.6773165967909893,6.535718803705848,-1.8330815528166566,-2.787435085896505,0.2746591367343395,-1.395786773279898,cyclohexyl_phenyl_ketone,1g,0.7184066861033193,5.37254674510908,-0.048679156364845745,-0.7853745755166909,49
tris(4-methoxyphenyl)phosphine,L17,-2.6773165967909893,6.535718803705848,-1.8330815528166566,-2.787435085896505,0.2746591367343395,-1.395786773279898,alpha-tetralone,1h,-5.346147185428582,1.5862557711213174,-2.680124679846684,2.142779212048202,24
tris(4-methoxyphenyl)phosphine,L17,-2.6773165967909893,6.535718803705848,-1.8330815528166566,-2.787435085896505,0.2746591367343395,-1.395786773279898,beta-tetralone,1i,-5.81509503288946,2.489819221554149,-2.2013778785014475,3.2728069715514505,99
tris(4-methoxyphenyl)phosphine,L17,-2.6773165967909893,6.535718803705848,-1.8330815528166566,-2.787435085896505,0.2746591367343395,-1.395786773279898,dicyclohexyl_ketone,1j,2.087294181753368,12.927664984132365,4.167650201731418,0.15543887073247079,2
tris(o-methoxyphenyl)phosphine,L18,-2.5946216444914767,7.745323902610051,-2.0919317444579626,-3.3044934804065353,-0.3774712200487274,0.49424149330026496,benzophenone,1a,0.7737925339873365,-2.7674607796871595,-3.6930882016471642,-3.3451504923759465,18
tris(o-methoxyphenyl)phosphine,L18,-2.5946216444914767,7.745323902610051,-2.0919317444579626,-3.3044934804065353,-0.3774712200487274,0.49424149330026496,"4,4'-dimethylbenzophenone",1b,3.821480361551077,-0.9184051203124552,-3.640502156316493,-5.362937696014983,11
tris(o-methoxyphenyl)phosphine,L18,-2.5946216444914767,7.745323902610051,-2.0919317444579626,-3.3044934804065353,-0.3774712200487274,0.49424149330026496,"4,4'-dimethoxybenzophenone",1c,13.66897938740345,-4.5099245760941615,-0.3059911842964471,6.638505567689558,12
tris(o-methoxyphenyl)phosphine,L18,-2.5946216444914767,7.745323902610051,-2.0919317444579626,-3.3044934804065353,-0.3774712200487274,0.49424149330026496,"4,4'-difluorobenzophenone",1d,3.946023986367333,-3.2733814026657004,2.6067157948447535,-4.949715189077373,24
tris(o-methoxyphenyl)phosphine,L18,-2.5946216444914767,7.745323902610051,-2.0919317444579626,-3.3044934804065353,-0.3774712200487274,0.49424149330026496,acetophenone,1e,-8.06627865470291,-4.03632733967096,-3.696037125795288,1.9626855742724159,15
tris(o-methoxyphenyl)phosphine,L18,-2.5946216444914767,7.745323902610051,-2.0919317444579626,-3.3044934804065353,-0.3774712200487274,0.49424149330026496,"2,2,2-trifluoroacetophenone",1f,-5.788456264144951,-6.870787503486477,9.491434386192193,0.27096175669090905,90
tris(o-methoxyphenyl)phosphine,L18,-2.5946216444914767,7.745323902610051,-2.0919317444579626,-3.3044934804065353,-0.3774712200487274,0.49424149330026496,cyclohexyl_phenyl_ketone,1g,0.7184066861033193,5.37254674510908,-0.048679156364845745,-0.7853745755166909,5
tris(o-methoxyphenyl)phosphine,L18,-2.5946216444914767,7.745323902610051,-2.0919317444579626,-3.3044934804065353,-0.3774712200487274,0.49424149330026496,alpha-tetralone,1h,-5.346147185428582,1.5862557711213174,-2.680124679846684,2.142779212048202,5
tris(o-methoxyphenyl)phosphine,L18,-2.5946216444914767,7.745323902610051,-2.0919317444579626,-3.3044934804065353,-0.3774712200487274,0.49424149330026496,beta-tetralone,1i,-5.81509503288946,2.489819221554149,-2.2013778785014475,3.2728069715514505,78
tris(o-methoxyphenyl)phosphine,L18,-2.5946216444914767,7.745323902610051,-2.0919317444579626,-3.3044934804065353,-0.3774712200487274,0.49424149330026496,dicyclohexyl_ketone,1j,2.087294181753368,12.927664984132365,4.167650201731418,0.15543887073247079,0
"tris(2,6-dimethoxyphenyl)phosphine",L19,-0.5214588197137989,15.37908008481461,-0.14355779005358485,-4.621936141586897,0.469711994949603,-2.4671117190367733,benzophenone,1a,0.7737925339873365,-2.7674607796871595,-3.6930882016471642,-3.3451504923759465,8
"tris(2,6-dimethoxyphenyl)phosphine",L19,-0.5214588197137989,15.37908008481461,-0.14355779005358485,-4.621936141586897,0.469711994949603,-2.4671117190367733,"4,4'-dimethylbenzophenone",1b,3.821480361551077,-0.9184051203124552,-3.640502156316493,-5.362937696014983,6
"tris(2,6-dimethoxyphenyl)phosphine",L19,-0.5214588197137989,15.37908008481461,-0.14355779005358485,-4.621936141586897,0.469711994949603,-2.4671117190367733,"4,4'-dimethoxybenzophenone",1c,13.66897938740345,-4.5099245760941615,-0.3059911842964471,6.638505567689558,5
"tris(2,6-dimethoxyphenyl)phosphine",L19,-0.5214588197137989,15.37908008481461,-0.14355779005358485,-4.621936141586897,0.469711994949603,-2.4671117190367733,"4,4'-difluorobenzophenone",1d,3.946023986367333,-3.2733814026657004,2.6067157948447535,-4.949715189077373,6
"tris(2,6-dimethoxyphenyl)phosphine",L19,-0.5214588197137989,15.37908008481461,-0.14355779005358485,-4.621936141586897,0.469711994949603,-2.4671117190367733,acetophenone,1e,-8.06627865470291,-4.03632733967096,-3.696037125795288,1.9626855742724159,6
"tris(2,6-dimethoxyphenyl)phosphine",L19,-0.5214588197137989,15.37908008481461,-0.14355779005358485,-4.621936141586897,0.469711994949603,-2.4671117190367733,"2,2,2-trifluoroacetophenone",1f,-5.788456264144951,-6.870787503486477,9.491434386192193,0.27096175669090905,63
"tris(2,6-dimethoxyphenyl)phosphine",L19,-0.5214588197137989,15.37908008481461,-0.14355779005358485,-4.621936141586897,0.469711994949603,-2.4671117190367733,cyclohexyl_phenyl_ketone,1g,0.7184066861033193,5.37254674510908,-0.048679156364845745,-0.7853745755166909,2
"tris(2,6-dimethoxyphenyl)phosphine",L19,-0.5214588197137989,15.37908008481461,-0.14355779005358485,-4.621936141586897,0.469711994949603,-2.4671117190367733,alpha-tetralone,1h,-5.346147185428582,1.5862557711213174,-2.680124679846684,2.142779212048202,3
"tris(2,6-dimethoxyphenyl)phosphine",L19,-0.5214588197137989,15.37908008481461,-0.14355779005358485,-4.621936141586897,0.469711994949603,-2.4671117190367733,beta-tetralone,1i,-5.81509503288946,2.489819221554149,-2.2013778785014475,3.2728069715514505,45
"tris(2,6-dimethoxyphenyl)phosphine",L19,-0.5214588197137989,15.37908008481461,-0.14355779005358485,-4.621936141586897,0.469711994949603,-2.4671117190367733,dicyclohexyl_ketone,1j,2.087294181753368,12.927664984132365,4.167650201731418,0.15543887073247079,0
tris(4-fluorophenyl)phosphine,L20,-4.113322705590715,0.36878913345818515,-4.02509061771643,3.642522104776988,-0.7711293805333037,-0.27833151749870155,benzophenone,1a,0.7737925339873365,-2.7674607796871595,-3.6930882016471642,-3.3451504923759465,99
tris(4-fluorophenyl)phosphine,L20,-4.113322705590715,0.36878913345818515,-4.02509061771643,3.642522104776988,-0.7711293805333037,-0.27833151749870155,"4,4'-dimethylbenzophenone",1b,3.821480361551077,-0.9184051203124552,-3.640502156316493,-5.362937696014983,76
tris(4-fluorophenyl)phosphine,L20,-4.113322705590715,0.36878913345818515,-4.02509061771643,3.642522104776988,-0.7711293805333037,-0.27833151749870155,"4,4'-dimethoxybenzophenone",1c,13.66897938740345,-4.5099245760941615,-0.3059911842964471,6.638505567689558,42
tris(4-fluorophenyl)phosphine,L20,-4.113322705590715,0.36878913345818515,-4.02509061771643,3.642522104776988,-0.7711293805333037,-0.27833151749870155,"4,4'-difluorobenzophenone",1d,3.946023986367333,-3.2733814026657004,2.6067157948447535,-4.949715189077373,95
tris(4-fluorophenyl)phosphine,L20,-4.113322705590715,0.36878913345818515,-4.02509061771643,3.642522104776988,-0.7711293805333037,-0.27833151749870155,acetophenone,1e,-8.06627865470291,-4.03632733967096,-3.696037125795288,1.9626855742724159,48
tris(4-fluorophenyl)phosphine,L20,-4.113322705590715,0.36878913345818515,-4.02509061771643,3.642522104776988,-0.7711293805333037,-0.27833151749870155,"2,2,2-trifluoroacetophenone",1f,-5.788456264144951,-6.870787503486477,9.491434386192193,0.27096175669090905,92
tris(4-fluorophenyl)phosphine,L20,-4.113322705590715,0.36878913345818515,-4.02509061771643,3.642522104776988,-0.7711293805333037,-0.27833151749870155,cyclohexyl_phenyl_ketone,1g,0.7184066861033193,5.37254674510908,-0.048679156364845745,-0.7853745755166909,52
tris(4-fluorophenyl)phosphine,L20,-4.113322705590715,0.36878913345818515,-4.02509061771643,3.642522104776988,-0.7711293805333037,-0.27833151749870155,alpha-tetralone,1h,-5.346147185428582,1.5862557711213174,-2.680124679846684,2.142779212048202,20
tris(4-fluorophenyl)phosphine,L20,-4.113322705590715,0.36878913345818515,-4.02509061771643,3.642522104776988,-0.7711293805333037,-0.27833151749870155,beta-tetralone,1i,-5.81509503288946,2.489819221554149,-2.2013778785014475,3.2728069715514505,92
tris(4-fluorophenyl)phosphine,L20,-4.113322705590715,0.36878913345818515,-4.02509061771643,3.642522104776988,-0.7711293805333037,-0.27833151749870155,dicyclohexyl_ketone,1j,2.087294181753368,12.927664984132365,4.167650201731418,0.15543887073247079,2
tris(p-trifluoromethylphenyl)phosphine,L21,1.114478710376316,5.290147891912027,-6.51357439046042,15.044796249034258,-2.891174612162015,-1.223340556398731,benzophenone,1a,0.7737925339873365,-2.7674607796871595,-3.6930882016471642,-3.3451504923759465,95
tris(p-trifluoromethylphenyl)phosphine,L21,1.114478710376316,5.290147891912027,-6.51357439046042,15.044796249034258,-2.891174612162015,-1.223340556398731,"4,4'-dimethylbenzophenone",1b,3.821480361551077,-0.9184051203124552,-3.640502156316493,-5.362937696014983,48
tris(p-trifluoromethylphenyl)phosphine,L21,1.114478710376316,5.290147891912027,-6.51357439046042,15.044796249034258,-2.891174612162015,-1.223340556398731,"4,4'-dimethoxybenzophenone",1c,13.66897938740345,-4.5099245760941615,-0.3059911842964471,6.638505567689558,21
tris(p-trifluoromethylphenyl)phosphine,L21,1.114478710376316,5.290147891912027,-6.51357439046042,15.044796249034258,-2.891174612162015,-1.223340556398731,"4,4'-difluorobenzophenone",1d,3.946023986367333,-3.2733814026657004,2.6067157948447535,-4.949715189077373,39
tris(p-trifluoromethylphenyl)phosphine,L21,1.114478710376316,5.290147891912027,-6.51357439046042,15.044796249034258,-2.891174612162015,-1.223340556398731,acetophenone,1e,-8.06627865470291,-4.03632733967096,-3.696037125795288,1.9626855742724159,32
tris(p-trifluoromethylphenyl)phosphine,L21,1.114478710376316,5.290147891912027,-6.51357439046042,15.044796249034258,-2.891174612162015,-1.223340556398731,"2,2,2-trifluoroacetophenone",1f,-5.788456264144951,-6.870787503486477,9.491434386192193,0.27096175669090905,91
tris(p-trifluoromethylphenyl)phosphine,L21,1.114478710376316,5.290147891912027,-6.51357439046042,15.044796249034258,-2.891174612162015,-1.223340556398731,cyclohexyl_phenyl_ketone,1g,0.7184066861033193,5.37254674510908,-0.048679156364845745,-0.7853745755166909,30
tris(p-trifluoromethylphenyl)phosphine,L21,1.114478710376316,5.290147891912027,-6.51357439046042,15.044796249034258,-2.891174612162015,-1.223340556398731,alpha-tetralone,1h,-5.346147185428582,1.5862557711213174,-2.680124679846684,2.142779212048202,19
tris(p-trifluoromethylphenyl)phosphine,L21,1.114478710376316,5.290147891912027,-6.51357439046042,15.044796249034258,-2.891174612162015,-1.223340556398731,beta-tetralone,1i,-5.81509503288946,2.489819221554149,-2.2013778785014475,3.2728069715514505,94
tris(p-trifluoromethylphenyl)phosphine,L21,1.114478710376316,5.290147891912027,-6.51357439046042,15.044796249034258,-2.891174612162015,-1.223340556398731,dicyclohexyl_ketone,1j,2.087294181753368,12.927664984132365,4.167650201731418,0.15543887073247079,3
tri(2-furyl)phosphine,L22,-9.105468283047456,3.826965022168746,-4.0552551618695665,-1.3705195345960506,0.8300602643090785,0.4428031069163283,benzophenone,1a,0.7737925339873365,-2.7674607796871595,-3.6930882016471642,-3.3451504923759465,30
tri(2-furyl)phosphine,L22,-9.105468283047456,3.826965022168746,-4.0552551618695665,-1.3705195345960506,0.8300602643090785,0.4428031069163283,"4,4'-dimethylbenzophenone",1b,3.821480361551077,-0.9184051203124552,-3.640502156316493,-5.362937696014983,13
tri(2-furyl)phosphine,L22,-9.105468283047456,3.826965022168746,-4.0552551618695665,-1.3705195345960506,0.8300602643090785,0.4428031069163283,"4,4'-dimethoxybenzophenone",1c,13.66897938740345,-4.5099245760941615,-0.3059911842964471,6.638505567689558,7
tri(2-furyl)phosphine,L22,-9.105468283047456,3.826965022168746,-4.0552551618695665,-1.3705195345960506,0.8300602643090785,0.4428031069163283,"4,4'-difluorobenzophenone",1d,3.946023986367333,-3.2733814026657004,2.6067157948447535,-4.949715189077373,52
tri(2-furyl)phosphine,L22,-9.105468283047456,3.826965022168746,-4.0552551618695665,-1.3705195345960506,0.8300602643090785,0.4428031069163283,acetophenone,1e,-8.06627865470291,-4.03632733967096,-3.696037125795288,1.9626855742724159,12
tri(2-furyl)phosphine,L22,-9.105468283047456,3.826965022168746,-4.0552551618695665,-1.3705195345960506,0.8300602643090785,0.4428031069163283,"2,2,2-trifluoroacetophenone",1f,-5.788456264144951,-6.870787503486477,9.491434386192193,0.27096175669090905,81
tri(2-furyl)phosphine,L22,-9.105468283047456,3.826965022168746,-4.0552551618695665,-1.3705195345960506,0.8300602643090785,0.4428031069163283,cyclohexyl_phenyl_ketone,1g,0.7184066861033193,5.37254674510908,-0.048679156364845745,-0.7853745755166909,10
tri(2-furyl)phosphine,L22,-9.105468283047456,3.826965022168746,-4.0552551618695665,-1.3705195345960506,0.8300602643090785,0.4428031069163283,alpha-tetralone,1h,-5.346147185428582,1.5862557711213174,-2.680124679846684,2.142779212048202,5
tri(2-furyl)phosphine,L22,-9.105468283047456,3.826965022168746,-4.0552551618695665,-1.3705195345960506,0.8300602643090785,0.4428031069163283,beta-tetralone,1i,-5.81509503288946,2.489819221554149,-2.2013778785014475,3.2728069715514505,43
tri(2-furyl)phosphine,L22,-9.105468283047456,3.826965022168746,-4.0552551618695665,-1.3705195345960506,0.8300602643090785,0.4428031069163283,dicyclohexyl_ketone,1j,2.087294181753368,12.927664984132365,4.167650201731418,0.15543887073247079,1
tri-n-butylphosphine,L23,-9.557418759461951,-2.0010788008914737,1.4563264021959723,0.35081621462638335,3.3672667079248413,1.9402417227448865,benzophenone,1a,0.7737925339873365,-2.7674607796871595,-3.6930882016471642,-3.3451504923759465,7
tri-n-butylphosphine,L23,-9.557418759461951,-2.0010788008914737,1.4563264021959723,0.35081621462638335,3.3672667079248413,1.9402417227448865,"4,4'-dimethylbenzophenone",1b,3.821480361551077,-0.9184051203124552,-3.640502156316493,-5.362937696014983,4
tri-n-butylphosphine,L23,-9.557418759461951,-2.0010788008914737,1.4563264021959723,0.35081621462638335,3.3672667079248413,1.9402417227448865,"4,4'-dimethoxybenzophenone",1c,13.66897938740345,-4.5099245760941615,-0.3059911842964471,6.638505567689558,1
tri-n-butylphosphine,L23,-9.557418759461951,-2.0010788008914737,1.4563264021959723,0.35081621462638335,3.3672667079248413,1.9402417227448865,"4,4'-difluorobenzophenone",1d,3.946023986367333,-3.2733814026657004,2.6067157948447535,-4.949715189077373,93
tri-n-butylphosphine,L23,-9.557418759461951,-2.0010788008914737,1.4563264021959723,0.35081621462638335,3.3672667079248413,1.9402417227448865,acetophenone,1e,-8.06627865470291,-4.03632733967096,-3.696037125795288,1.9626855742724159,77
tri-n-butylphosphine,L23,-9.557418759461951,-2.0010788008914737,1.4563264021959723,0.35081621462638335,3.3672667079248413,1.9402417227448865,"2,2,2-trifluoroacetophenone",1f,-5.788456264144951,-6.870787503486477,9.491434386192193,0.27096175669090905,82
tri-n-butylphosphine,L23,-9.557418759461951,-2.0010788008914737,1.4563264021959723,0.35081621462638335,3.3672667079248413,1.9402417227448865,cyclohexyl_phenyl_ketone,1g,0.7184066861033193,5.37254674510908,-0.048679156364845745,-0.7853745755166909,41
tri-n-butylphosphine,L23,-9.557418759461951,-2.0010788008914737,1.4563264021959723,0.35081621462638335,3.3672667079248413,1.9402417227448865,alpha-tetralone,1h,-5.346147185428582,1.5862557711213174,-2.680124679846684,2.142779212048202,2
tri-n-butylphosphine,L23,-9.557418759461951,-2.0010788008914737,1.4563264021959723,0.35081621462638335,3.3672667079248413,1.9402417227448865,beta-tetralone,1i,-5.81509503288946,2.489819221554149,-2.2013778785014475,3.2728069715514505,23
tri-n-butylphosphine,L23,-9.557418759461951,-2.0010788008914737,1.4563264021959723,0.35081621462638335,3.3672667079248413,1.9402417227448865,dicyclohexyl_ketone,1j,2.087294181753368,12.927664984132365,4.167650201731418,0.15543887073247079,0
tricyclohexylphosphine ,L24,-6.165300720159336,-2.641550964735421,7.839349464174335,1.8966014813923762,0.7951025878699248,-3.1183493027008122,benzophenone,1a,0.7737925339873365,-2.7674607796871595,-3.6930882016471642,-3.3451504923759465,15
tricyclohexylphosphine ,L24,-6.165300720159336,-2.641550964735421,7.839349464174335,1.8966014813923762,0.7951025878699248,-3.1183493027008122,"4,4'-dimethylbenzophenone",1b,3.821480361551077,-0.9184051203124552,-3.640502156316493,-5.362937696014983,8
tricyclohexylphosphine ,L24,-6.165300720159336,-2.641550964735421,7.839349464174335,1.8966014813923762,0.7951025878699248,-3.1183493027008122,"4,4'-dimethoxybenzophenone",1c,13.66897938740345,-4.5099245760941615,-0.3059911842964471,6.638505567689558,2
tricyclohexylphosphine ,L24,-6.165300720159336,-2.641550964735421,7.839349464174335,1.8966014813923762,0.7951025878699248,-3.1183493027008122,"4,4'-difluorobenzophenone",1d,3.946023986367333,-3.2733814026657004,2.6067157948447535,-4.949715189077373,21
tricyclohexylphosphine ,L24,-6.165300720159336,-2.641550964735421,7.839349464174335,1.8966014813923762,0.7951025878699248,-3.1183493027008122,acetophenone,1e,-8.06627865470291,-4.03632733967096,-3.696037125795288,1.9626855742724159,11
tricyclohexylphosphine ,L24,-6.165300720159336,-2.641550964735421,7.839349464174335,1.8966014813923762,0.7951025878699248,-3.1183493027008122,"2,2,2-trifluoroacetophenone",1f,-5.788456264144951,-6.870787503486477,9.491434386192193,0.27096175669090905,77
tricyclohexylphosphine ,L24,-6.165300720159336,-2.641550964735421,7.839349464174335,1.8966014813923762,0.7951025878699248,-3.1183493027008122,cyclohexyl_phenyl_ketone,1g,0.7184066861033193,5.37254674510908,-0.048679156364845745,-0.7853745755166909,3
tricyclohexylphosphine ,L24,-6.165300720159336,-2.641550964735421,7.839349464174335,1.8966014813923762,0.7951025878699248,-3.1183493027008122,alpha-tetralone,1h,-5.346147185428582,1.5862557711213174,-2.680124679846684,2.142779212048202,2
tricyclohexylphosphine ,L24,-6.165300720159336,-2.641550964735421,7.839349464174335,1.8966014813923762,0.7951025878699248,-3.1183493027008122,beta-tetralone,1i,-5.81509503288946,2.489819221554149,-2.2013778785014475,3.2728069715514505,53
tricyclohexylphosphine ,L24,-6.165300720159336,-2.641550964735421,7.839349464174335,1.8966014813923762,0.7951025878699248,-3.1183493027008122,dicyclohexyl_ketone,1j,2.087294181753368,12.927664984132365,4.167650201731418,0.15543887073247079,0
methyldiphenylphosphine,L25,-8.662825937474254,-3.0539584453540116,-3.1085433869117867,-1.0388779429631925,0.6434629734544344,1.0263417294225272,benzophenone,1a,0.7737925339873365,-2.7674607796871595,-3.6930882016471642,-3.3451504923759465,8
methyldiphenylphosphine,L25,-8.662825937474254,-3.0539584453540116,-3.1085433869117867,-1.0388779429631925,0.6434629734544344,1.0263417294225272,"4,4'-dimethylbenzophenone",1b,3.821480361551077,-0.9184051203124552,-3.640502156316493,-5.362937696014983,9
methyldiphenylphosphine,L25,-8.662825937474254,-3.0539584453540116,-3.1085433869117867,-1.0388779429631925,0.6434629734544344,1.0263417294225272,"4,4'-dimethoxybenzophenone",1c,13.66897938740345,-4.5099245760941615,-0.3059911842964471,6.638505567689558,1
methyldiphenylphosphine,L25,-8.662825937474254,-3.0539584453540116,-3.1085433869117867,-1.0388779429631925,0.6434629734544344,1.0263417294225272,"4,4'-difluorobenzophenone",1d,3.946023986367333,-3.2733814026657004,2.6067157948447535,-4.949715189077373,12
methyldiphenylphosphine,L25,-8.662825937474254,-3.0539584453540116,-3.1085433869117867,-1.0388779429631925,0.6434629734544344,1.0263417294225272,acetophenone,1e,-8.06627865470291,-4.03632733967096,-3.696037125795288,1.9626855742724159,69
methyldiphenylphosphine,L25,-8.662825937474254,-3.0539584453540116,-3.1085433869117867,-1.0388779429631925,0.6434629734544344,1.0263417294225272,"2,2,2-trifluoroacetophenone",1f,-5.788456264144951,-6.870787503486477,9.491434386192193,0.27096175669090905,35
methyldiphenylphosphine,L25,-8.662825937474254,-3.0539584453540116,-3.1085433869117867,-1.0388779429631925,0.6434629734544344,1.0263417294225272,cyclohexyl_phenyl_ketone,1g,0.7184066861033193,5.37254674510908,-0.048679156364845745,-0.7853745755166909,1
methyldiphenylphosphine,L25,-8.662825937474254,-3.0539584453540116,-3.1085433869117867,-1.0388779429631925,0.6434629734544344,1.0263417294225272,alpha-tetralone,1h,-5.346147185428582,1.5862557711213174,-2.680124679846684,2.142779212048202,2
methyldiphenylphosphine,L25,-8.662825937474254,-3.0539584453540116,-3.1085433869117867,-1.0388779429631925,0.6434629734544344,1.0263417294225272,beta-tetralone,1i,-5.81509503288946,2.489819221554149,-2.2013778785014475,3.2728069715514505,12
methyldiphenylphosphine,L25,-8.662825937474254,-3.0539584453540116,-3.1085433869117867,-1.0388779429631925,0.6434629734544344,1.0263417294225272,dicyclohexyl_ketone,1j,2.087294181753368,12.927664984132365,4.167650201731418,0.15543887073247079,1
johnphos,L26,-4.689535769638959,-2.7306468568979643,1.393816038553799,-0.02101281433478566,-0.41216629774655106,2.4363483009439686,benzophenone,1a,0.7737925339873365,-2.7674607796871595,-3.6930882016471642,-3.3451504923759465,2
johnphos,L26,-4.689535769638959,-2.7306468568979643,1.393816038553799,-0.02101281433478566,-0.41216629774655106,2.4363483009439686,"4,4'-dimethylbenzophenone",1b,3.821480361551077,-0.9184051203124552,-3.640502156316493,-5.362937696014983,1
johnphos,L26,-4.689535769638959,-2.7306468568979643,1.393816038553799,-0.02101281433478566,-0.41216629774655106,2.4363483009439686,"4,4'-dimethoxybenzophenone",1c,13.66897938740345,-4.5099245760941615,-0.3059911842964471,6.638505567689558,2
johnphos,L26,-4.689535769638959,-2.7306468568979643,1.393816038553799,-0.02101281433478566,-0.41216629774655106,2.4363483009439686,"4,4'-difluorobenzophenone",1d,3.946023986367333,-3.2733814026657004,2.6067157948447535,-4.949715189077373,2
johnphos,L26,-4.689535769638959,-2.7306468568979643,1.393816038553799,-0.02101281433478566,-0.41216629774655106,2.4363483009439686,acetophenone,1e,-8.06627865470291,-4.03632733967096,-3.696037125795288,1.9626855742724159,1
johnphos,L26,-4.689535769638959,-2.7306468568979643,1.393816038553799,-0.02101281433478566,-0.41216629774655106,2.4363483009439686,"2,2,2-trifluoroacetophenone",1f,-5.788456264144951,-6.870787503486477,9.491434386192193,0.27096175669090905,17
johnphos,L26,-4.689535769638959,-2.7306468568979643,1.393816038553799,-0.02101281433478566,-0.41216629774655106,2.4363483009439686,cyclohexyl_phenyl_ketone,1g,0.7184066861033193,5.37254674510908,-0.048679156364845745,-0.7853745755166909,1
johnphos,L26,-4.689535769638959,-2.7306468568979643,1.393816038553799,-0.02101281433478566,-0.41216629774655106,2.4363483009439686,alpha-tetralone,1h,-5.346147185428582,1.5862557711213174,-2.680124679846684,2.142779212048202,1
johnphos,L26,-4.689535769638959,-2.7306468568979643,1.393816038553799,-0.02101281433478566,-0.41216629774655106,2.4363483009439686,beta-tetralone,1i,-5.81509503288946,2.489819221554149,-2.2013778785014475,3.2728069715514505,4
johnphos,L26,-4.689535769638959,-2.7306468568979643,1.393816038553799,-0.02101281433478566,-0.41216629774655106,2.4363483009439686,dicyclohexyl_ketone,1j,2.087294181753368,12.927664984132365,4.167650201731418,0.15543887073247079,0
ruphos,L27,2.0885052490445877,3.1874640285419966,9.224839573732064,1.7932777332603957,0.050181371097354786,0.06285280617714693,benzophenone,1a,0.7737925339873365,-2.7674607796871595,-3.6930882016471642,-3.3451504923759465,5
ruphos,L27,2.0885052490445877,3.1874640285419966,9.224839573732064,1.7932777332603957,0.050181371097354786,0.06285280617714693,"4,4'-dimethylbenzophenone",1b,3.821480361551077,-0.9184051203124552,-3.640502156316493,-5.362937696014983,3
ruphos,L27,2.0885052490445877,3.1874640285419966,9.224839573732064,1.7932777332603957,0.050181371097354786,0.06285280617714693,"4,4'-dimethoxybenzophenone",1c,13.66897938740345,-4.5099245760941615,-0.3059911842964471,6.638505567689558,2
ruphos,L27,2.0885052490445877,3.1874640285419966,9.224839573732064,1.7932777332603957,0.050181371097354786,0.06285280617714693,"4,4'-difluorobenzophenone",1d,3.946023986367333,-3.2733814026657004,2.6067157948447535,-4.949715189077373,6
ruphos,L27,2.0885052490445877,3.1874640285419966,9.224839573732064,1.7932777332603957,0.050181371097354786,0.06285280617714693,acetophenone,1e,-8.06627865470291,-4.03632733967096,-3.696037125795288,1.9626855742724159,2
ruphos,L27,2.0885052490445877,3.1874640285419966,9.224839573732064,1.7932777332603957,0.050181371097354786,0.06285280617714693,"2,2,2-trifluoroacetophenone",1f,-5.788456264144951,-6.870787503486477,9.491434386192193,0.27096175669090905,64
ruphos,L27,2.0885052490445877,3.1874640285419966,9.224839573732064,1.7932777332603957,0.050181371097354786,0.06285280617714693,cyclohexyl_phenyl_ketone,1g,0.7184066861033193,5.37254674510908,-0.048679156364845745,-0.7853745755166909,3
ruphos,L27,2.0885052490445877,3.1874640285419966,9.224839573732064,1.7932777332603957,0.050181371097354786,0.06285280617714693,alpha-tetralone,1h,-5.346147185428582,1.5862557711213174,-2.680124679846684,2.142779212048202,1
ruphos,L27,2.0885052490445877,3.1874640285419966,9.224839573732064,1.7932777332603957,0.050181371097354786,0.06285280617714693,beta-tetralone,1i,-5.81509503288946,2.489819221554149,-2.2013778785014475,3.2728069715514505,14
ruphos,L27,2.0885052490445877,3.1874640285419966,9.224839573732064,1.7932777332603957,0.050181371097354786,0.06285280617714693,dicyclohexyl_ketone,1j,2.087294181753368,12.927664984132365,4.167650201731418,0.15543887073247079,0
cyjohnphos,L28,-2.030321498700594,-2.9004970045330913,6.307079993225075,1.2878561439556149,-0.14414080349341898,-1.4925512760458106,benzophenone,1a,0.7737925339873365,-2.7674607796871595,-3.6930882016471642,-3.3451504923759465,6
cyjohnphos,L28,-2.030321498700594,-2.9004970045330913,6.307079993225075,1.2878561439556149,-0.14414080349341898,-1.4925512760458106,"4,4'-dimethylbenzophenone",1b,3.821480361551077,-0.9184051203124552,-3.640502156316493,-5.362937696014983,4
cyjohnphos,L28,-2.030321498700594,-2.9004970045330913,6.307079993225075,1.2878561439556149,-0.14414080349341898,-1.4925512760458106,"4,4'-dimethoxybenzophenone",1c,13.66897938740345,-4.5099245760941615,-0.3059911842964471,6.638505567689558,2
cyjohnphos,L28,-2.030321498700594,-2.9004970045330913,6.307079993225075,1.2878561439556149,-0.14414080349341898,-1.4925512760458106,"4,4'-difluorobenzophenone",1d,3.946023986367333,-3.2733814026657004,2.6067157948447535,-4.949715189077373,7
cyjohnphos,L28,-2.030321498700594,-2.9004970045330913,6.307079993225075,1.2878561439556149,-0.14414080349341898,-1.4925512760458106,acetophenone,1e,-8.06627865470291,-4.03632733967096,-3.696037125795288,1.9626855742724159,4
cyjohnphos,L28,-2.030321498700594,-2.9004970045330913,6.307079993225075,1.2878561439556149,-0.14414080349341898,-1.4925512760458106,"2,2,2-trifluoroacetophenone",1f,-5.788456264144951,-6.870787503486477,9.491434386192193,0.27096175669090905,62
cyjohnphos,L28,-2.030321498700594,-2.9004970045330913,6.307079993225075,1.2878561439556149,-0.14414080349341898,-1.4925512760458106,cyclohexyl_phenyl_ketone,1g,0.7184066861033193,5.37254674510908,-0.048679156364845745,-0.7853745755166909,2
cyjohnphos,L28,-2.030321498700594,-2.9004970045330913,6.307079993225075,1.2878561439556149,-0.14414080349341898,-1.4925512760458106,alpha-tetralone,1h,-5.346147185428582,1.5862557711213174,-2.680124679846684,2.142779212048202,2
cyjohnphos,L28,-2.030321498700594,-2.9004970045330913,6.307079993225075,1.2878561439556149,-0.14414080349341898,-1.4925512760458106,beta-tetralone,1i,-5.81509503288946,2.489819221554149,-2.2013778785014475,3.2728069715514505,6
cyjohnphos,L28,-2.030321498700594,-2.9004970045330913,6.307079993225075,1.2878561439556149,-0.14414080349341898,-1.4925512760458106,dicyclohexyl_ketone,1j,2.087294181753368,12.927664984132365,4.167650201731418,0.15543887073247079,0
xphos,L29,2.834184917221463,-1.825900013574245,10.695266446635403,2.2202942157284578,-1.0838213028205879,-0.7879772948638912,benzophenone,1a,0.7737925339873365,-2.7674607796871595,-3.6930882016471642,-3.3451504923759465,2
xphos,L29,2.834184917221463,-1.825900013574245,10.695266446635403,2.2202942157284578,-1.0838213028205879,-0.7879772948638912,"4,4'-dimethylbenzophenone",1b,3.821480361551077,-0.9184051203124552,-3.640502156316493,-5.362937696014983,1
xphos,L29,2.834184917221463,-1.825900013574245,10.695266446635403,2.2202942157284578,-1.0838213028205879,-0.7879772948638912,"4,4'-dimethoxybenzophenone",1c,13.66897938740345,-4.5099245760941615,-0.3059911842964471,6.638505567689558,2
xphos,L29,2.834184917221463,-1.825900013574245,10.695266446635403,2.2202942157284578,-1.0838213028205879,-0.7879772948638912,"4,4'-difluorobenzophenone",1d,3.946023986367333,-3.2733814026657004,2.6067157948447535,-4.949715189077373,3
xphos,L29,2.834184917221463,-1.825900013574245,10.695266446635403,2.2202942157284578,-1.0838213028205879,-0.7879772948638912,acetophenone,1e,-8.06627865470291,-4.03632733967096,-3.696037125795288,1.9626855742724159,2
xphos,L29,2.834184917221463,-1.825900013574245,10.695266446635403,2.2202942157284578,-1.0838213028205879,-0.7879772948638912,"2,2,2-trifluoroacetophenone",1f,-5.788456264144951,-6.870787503486477,9.491434386192193,0.27096175669090905,62
xphos,L29,2.834184917221463,-1.825900013574245,10.695266446635403,2.2202942157284578,-1.0838213028205879,-0.7879772948638912,cyclohexyl_phenyl_ketone,1g,0.7184066861033193,5.37254674510908,-0.048679156364845745,-0.7853745755166909,1
xphos,L29,2.834184917221463,-1.825900013574245,10.695266446635403,2.2202942157284578,-1.0838213028205879,-0.7879772948638912,alpha-tetralone,1h,-5.346147185428582,1.5862557711213174,-2.680124679846684,2.142779212048202,1
xphos,L29,2.834184917221463,-1.825900013574245,10.695266446635403,2.2202942157284578,-1.0838213028205879,-0.7879772948638912,beta-tetralone,1i,-5.81509503288946,2.489819221554149,-2.2013778785014475,3.2728069715514505,5
xphos,L29,2.834184917221463,-1.825900013574245,10.695266446635403,2.2202942157284578,-1.0838213028205879,-0.7879772948638912,dicyclohexyl_ketone,1j,2.087294181753368,12.927664984132365,4.167650201731418,0.15543887073247079,0
sphos,L30,-0.4798017031077288,3.9920438094937145,7.56630070900771,0.5447491793091154,0.26492224188807123,-1.4758770601226205,benzophenone,1a,0.7737925339873365,-2.7674607796871595,-3.6930882016471642,-3.3451504923759465,5
sphos,L30,-0.4798017031077288,3.9920438094937145,7.56630070900771,0.5447491793091154,0.26492224188807123,-1.4758770601226205,"4,4'-dimethylbenzophenone",1b,3.821480361551077,-0.9184051203124552,-3.640502156316493,-5.362937696014983,2
sphos,L30,-0.4798017031077288,3.9920438094937145,7.56630070900771,0.5447491793091154,0.26492224188807123,-1.4758770601226205,"4,4'-dimethoxybenzophenone",1c,13.66897938740345,-4.5099245760941615,-0.3059911842964471,6.638505567689558,3
sphos,L30,-0.4798017031077288,3.9920438094937145,7.56630070900771,0.5447491793091154,0.26492224188807123,-1.4758770601226205,"4,4'-difluorobenzophenone",1d,3.946023986367333,-3.2733814026657004,2.6067157948447535,-4.949715189077373,10
sphos,L30,-0.4798017031077288,3.9920438094937145,7.56630070900771,0.5447491793091154,0.26492224188807123,-1.4758770601226205,acetophenone,1e,-8.06627865470291,-4.03632733967096,-3.696037125795288,1.9626855742724159,4
sphos,L30,-0.4798017031077288,3.9920438094937145,7.56630070900771,0.5447491793091154,0.26492224188807123,-1.4758770601226205,"2,2,2-trifluoroacetophenone",1f,-5.788456264144951,-6.870787503486477,9.491434386192193,0.27096175669090905,86
sphos,L30,-0.4798017031077288,3.9920438094937145,7.56630070900771,0.5447491793091154,0.26492224188807123,-1.4758770601226205,cyclohexyl_phenyl_ketone,1g,0.7184066861033193,5.37254674510908,-0.048679156364845745,-0.7853745755166909,1
sphos,L30,-0.4798017031077288,3.9920438094937145,7.56630070900771,0.5447491793091154,0.26492224188807123,-1.4758770601226205,alpha-tetralone,1h,-5.346147185428582,1.5862557711213174,-2.680124679846684,2.142779212048202,2
sphos,L30,-0.4798017031077288,3.9920438094937145,7.56630070900771,0.5447491793091154,0.26492224188807123,-1.4758770601226205,beta-tetralone,1i,-5.81509503288946,2.489819221554149,-2.2013778785014475,3.2728069715514505,9
sphos,L30,-0.4798017031077288,3.9920438094937145,7.56630070900771,0.5447491793091154,0.26492224188807123,-1.4758770601226205,dicyclohexyl_ketone,1j,2.087294181753368,12.927664984132365,4.167650201731418,0.15543887073247079,0
