Ligand_name,Ligand_No,L_MK_PC_0,L_MK_PC_1,L_MK_PC_2,L_MK_PC_3,L_MK_PC_4,L_MK_PC_5,L_MK_PC_6,L_MK_PC_7,Substrate_name,Substrate_No,S_MK_PC_0,S_MK_PC_1,S_MK_PC_2,S_MK_PC_3,Yield
dppm,L1,-2.9103711691213787,-0.9399370062566456,-0.2755849943792598,-0.06596985466962764,-0.06708238221886553,-0.28183185835752156,2.336118871506161,-2.7971527129575042,benzophenone,1a,0.8427101472577334,-0.9394322605525983,-1.36058593386716,1.291462218750346,20
dppm,L1,-2.9103711691213787,-0.9399370062566456,-0.2755849943792598,-0.06596985466962764,-0.06708238221886553,-0.28183185835752156,2.336118871506161,-2.7971527129575042,"4,4'-dimethylbenzophenone",1b,1.8056864484170987,-0.2009679056390166,-1.7881749848607933,1.5998575907070622,9
dppm,L1,-2.9103711691213787,-0.9399370062566456,-0.2755849943792598,-0.06596985466962764,-0.06708238221886553,-0.28183185835752156,2.336118871506161,-2.7971527129575042,"4,4'-dimethoxybenzophenone",1c,5.636770282625896,6.127452924376358,0.8271127102741971,-0.9382093437251607,7
dppm,L1,-2.9103711691213787,-0.9399370062566456,-0.2755849943792598,-0.06596985466962764,-0.06708238221886553,-0.28183185835752156,2.336118871506161,-2.7971527129575042,"4,4'-difluorobenzophenone",1d,1.7968482095098177,-3.145565837437122,1.2285721582026807,2.4471336770955046,18
dppm,L1,-2.9103711691213787,-0.9399370062566456,-0.2755849943792598,-0.06596985466962764,-0.06708238221886553,-0.28183185835752156,2.336118871506161,-2.7971527129575042,acetophenone,1e,1.0132145145263929,-1.1950914581886265,-1.1620572610409168,-0.005309695415745033,34
dppm,L1,-2.9103711691213787,-0.9399370062566456,-0.2755849943792598,-0.06596985466962764,-0.06708238221886553,-0.28183185835752156,2.336118871506161,-2.7971527129575042,"2,2,2-trifluoroacetophenone",1f,1.7241651658306596,-4.481914060561882,3.248229013671938,-2.4461608950508875,89
dppm,L1,-2.9103711691213787,-0.9399370062566456,-0.2755849943792598,-0.06596985466962764,-0.06708238221886553,-0.28183185835752156,2.336118871506161,-2.7971527129575042,cyclohexyl_phenyl_ketone,1g,-1.8573943298159559,-0.34631451407483405,-1.9547659837300082,-1.0989874944672833,5
dppm,L1,-2.9103711691213787,-0.9399370062566456,-0.2755849943792598,-0.06596985466962764,-0.06708238221886553,-0.28183185835752156,2.336118871506161,-2.7971527129575042,alpha-tetralone,1h,-4.19379991898935,2.244783042994133,2.059608200769969,0.9042156513364875,3
dppm,L1,-2.9103711691213787,-0.9399370062566456,-0.2755849943792598,-0.06596985466962764,-0.06708238221886553,-0.28183185835752156,2.336118871506161,-2.7971527129575042,beta-tetralone,1i,-4.649588492277395,2.3386847546061604,1.6739389870447392,0.327171818390467,85
dppm,L1,-2.9103711691213787,-0.9399370062566456,-0.2755849943792598,-0.06596985466962764,-0.06708238221886553,-0.28183185835752156,2.336118871506161,-2.7971527129575042,dicyclohexyl_ketone,1j,-2.1186120270848914,-0.40163468552257264,-2.771876906464647,-2.081173527620791,0
dppe,L2,-3.2994359389474077,0.5229313530112008,-0.982313599675389,0.175644322829681,0.444111288521777,-0.06279105250381069,2.6205912476143887,-1.3853703058456315,benzophenone,1a,0.8427101472577334,-0.9394322605525983,-1.36058593386716,1.291462218750346,3
dppe,L2,-3.2994359389474077,0.5229313530112008,-0.982313599675389,0.175644322829681,0.444111288521777,-0.06279105250381069,2.6205912476143887,-1.3853703058456315,"4,4'-dimethylbenzophenone",1b,1.8056864484170987,-0.2009679056390166,-1.7881749848607933,1.5998575907070622,2
dppe,L2,-3.2994359389474077,0.5229313530112008,-0.982313599675389,0.175644322829681,0.444111288521777,-0.06279105250381069,2.6205912476143887,-1.3853703058456315,"4,4'-dimethoxybenzophenone",1c,5.636770282625896,6.127452924376358,0.8271127102741971,-0.9382093437251607,1
dppe,L2,-3.2994359389474077,0.5229313530112008,-0.982313599675389,0.175644322829681,0.444111288521777,-0.06279105250381069,2.6205912476143887,-1.3853703058456315,"4,4'-difluorobenzophenone",1d,1.7968482095098177,-3.145565837437122,1.2285721582026807,2.4471336770955046,3
dppe,L2,-3.2994359389474077,0.5229313530112008,-0.982313599675389,0.175644322829681,0.444111288521777,-0.06279105250381069,2.6205912476143887,-1.3853703058456315,acetophenone,1e,1.0132145145263929,-1.1950914581886265,-1.1620572610409168,-0.005309695415745033,3
dppe,L2,-3.2994359389474077,0.5229313530112008,-0.982313599675389,0.175644322829681,0.444111288521777,-0.06279105250381069,2.6205912476143887,-1.3853703058456315,"2,2,2-trifluoroacetophenone",1f,1.7241651658306596,-4.481914060561882,3.248229013671938,-2.4461608950508875,28
dppe,L2,-3.2994359389474077,0.5229313530112008,-0.982313599675389,0.175644322829681,0.444111288521777,-0.06279105250381069,2.6205912476143887,-1.3853703058456315,cyclohexyl_phenyl_ketone,1g,-1.8573943298159559,-0.34631451407483405,-1.9547659837300082,-1.0989874944672833,1
dppe,L2,-3.2994359389474077,0.5229313530112008,-0.982313599675389,0.175644322829681,0.444111288521777,-0.06279105250381069,2.6205912476143887,-1.3853703058456315,alpha-tetralone,1h,-4.19379991898935,2.244783042994133,2.059608200769969,0.9042156513364875,1
dppe,L2,-3.2994359389474077,0.5229313530112008,-0.982313599675389,0.175644322829681,0.444111288521777,-0.06279105250381069,2.6205912476143887,-1.3853703058456315,beta-tetralone,1i,-4.649588492277395,2.3386847546061604,1.6739389870447392,0.327171818390467,31
dppe,L2,-3.2994359389474077,0.5229313530112008,-0.982313599675389,0.175644322829681,0.444111288521777,-0.06279105250381069,2.6205912476143887,-1.3853703058456315,dicyclohexyl_ketone,1j,-2.1186120270848914,-0.40163468552257264,-2.771876906464647,-2.081173527620791,0
dppp,L3,-3.2994359389474077,0.5229313530112008,-0.982313599675389,0.175644322829681,0.444111288521777,-0.06279105250381069,2.6205912476143887,-1.3853703058456315,benzophenone,1a,0.8427101472577334,-0.9394322605525983,-1.36058593386716,1.291462218750346,5
dppp,L3,-3.2994359389474077,0.5229313530112008,-0.982313599675389,0.175644322829681,0.444111288521777,-0.06279105250381069,2.6205912476143887,-1.3853703058456315,"4,4'-dimethylbenzophenone",1b,1.8056864484170987,-0.2009679056390166,-1.7881749848607933,1.5998575907070622,1
dppp,L3,-3.2994359389474077,0.5229313530112008,-0.982313599675389,0.175644322829681,0.444111288521777,-0.06279105250381069,2.6205912476143887,-1.3853703058456315,"4,4'-dimethoxybenzophenone",1c,5.636770282625896,6.127452924376358,0.8271127102741971,-0.9382093437251607,1
dppp,L3,-3.2994359389474077,0.5229313530112008,-0.982313599675389,0.175644322829681,0.444111288521777,-0.06279105250381069,2.6205912476143887,-1.3853703058456315,"4,4'-difluorobenzophenone",1d,1.7968482095098177,-3.145565837437122,1.2285721582026807,2.4471336770955046,3
dppp,L3,-3.2994359389474077,0.5229313530112008,-0.982313599675389,0.175644322829681,0.444111288521777,-0.06279105250381069,2.6205912476143887,-1.3853703058456315,acetophenone,1e,1.0132145145263929,-1.1950914581886265,-1.1620572610409168,-0.005309695415745033,3
dppp,L3,-3.2994359389474077,0.5229313530112008,-0.982313599675389,0.175644322829681,0.444111288521777,-0.06279105250381069,2.6205912476143887,-1.3853703058456315,"2,2,2-trifluoroacetophenone",1f,1.7241651658306596,-4.481914060561882,3.248229013671938,-2.4461608950508875,16
dppp,L3,-3.2994359389474077,0.5229313530112008,-0.982313599675389,0.175644322829681,0.444111288521777,-0.06279105250381069,2.6205912476143887,-1.3853703058456315,cyclohexyl_phenyl_ketone,1g,-1.8573943298159559,-0.34631451407483405,-1.9547659837300082,-1.0989874944672833,3
dppp,L3,-3.2994359389474077,0.5229313530112008,-0.982313599675389,0.175644322829681,0.444111288521777,-0.06279105250381069,2.6205912476143887,-1.3853703058456315,alpha-tetralone,1h,-4.19379991898935,2.244783042994133,2.059608200769969,0.9042156513364875,4
dppp,L3,-3.2994359389474077,0.5229313530112008,-0.982313599675389,0.175644322829681,0.444111288521777,-0.06279105250381069,2.6205912476143887,-1.3853703058456315,beta-tetralone,1i,-4.649588492277395,2.3386847546061604,1.6739389870447392,0.327171818390467,2
dppp,L3,-3.2994359389474077,0.5229313530112008,-0.982313599675389,0.175644322829681,0.444111288521777,-0.06279105250381069,2.6205912476143887,-1.3853703058456315,dicyclohexyl_ketone,1j,-2.1186120270848914,-0.40163468552257264,-2.771876906464647,-2.081173527620791,0
dppb,L4,-3.3446493958651065,0.99163849849322,-1.3281907942463447,0.2902958166557667,0.6743021780310371,0.04882808624759135,2.6932316794199336,-0.6953301162967712,benzophenone,1a,0.8427101472577334,-0.9394322605525983,-1.36058593386716,1.291462218750346,93
dppb,L4,-3.3446493958651065,0.99163849849322,-1.3281907942463447,0.2902958166557667,0.6743021780310371,0.04882808624759135,2.6932316794199336,-0.6953301162967712,"4,4'-dimethylbenzophenone",1b,1.8056864484170987,-0.2009679056390166,-1.7881749848607933,1.5998575907070622,90
dppb,L4,-3.3446493958651065,0.99163849849322,-1.3281907942463447,0.2902958166557667,0.6743021780310371,0.04882808624759135,2.6932316794199336,-0.6953301162967712,"4,4'-dimethoxybenzophenone",1c,5.636770282625896,6.127452924376358,0.8271127102741971,-0.9382093437251607,95
dppb,L4,-3.3446493958651065,0.99163849849322,-1.3281907942463447,0.2902958166557667,0.6743021780310371,0.04882808624759135,2.6932316794199336,-0.6953301162967712,"4,4'-difluorobenzophenone",1d,1.7968482095098177,-3.145565837437122,1.2285721582026807,2.4471336770955046,94
dppb,L4,-3.3446493958651065,0.99163849849322,-1.3281907942463447,0.2902958166557667,0.6743021780310371,0.04882808624759135,2.6932316794199336,-0.6953301162967712,acetophenone,1e,1.0132145145263929,-1.1950914581886265,-1.1620572610409168,-0.005309695415745033,80
dppb,L4,-3.3446493958651065,0.99163849849322,-1.3281907942463447,0.2902958166557667,0.6743021780310371,0.04882808624759135,2.6932316794199336,-0.6953301162967712,"2,2,2-trifluoroacetophenone",1f,1.7241651658306596,-4.481914060561882,3.248229013671938,-2.4461608950508875,86
dppb,L4,-3.3446493958651065,0.99163849849322,-1.3281907942463447,0.2902958166557667,0.6743021780310371,0.04882808624759135,2.6932316794199336,-0.6953301162967712,cyclohexyl_phenyl_ketone,1g,-1.8573943298159559,-0.34631451407483405,-1.9547659837300082,-1.0989874944672833,98
dppb,L4,-3.3446493958651065,0.99163849849322,-1.3281907942463447,0.2902958166557667,0.6743021780310371,0.04882808624759135,2.6932316794199336,-0.6953301162967712,alpha-tetralone,1h,-4.19379991898935,2.244783042994133,2.059608200769969,0.9042156513364875,5
dppb,L4,-3.3446493958651065,0.99163849849322,-1.3281907942463447,0.2902958166557667,0.6743021780310371,0.04882808624759135,2.6932316794199336,-0.6953301162967712,beta-tetralone,1i,-4.649588492277395,2.3386847546061604,1.6739389870447392,0.327171818390467,84
dppb,L4,-3.3446493958651065,0.99163849849322,-1.3281907942463447,0.2902958166557667,0.6743021780310371,0.04882808624759135,2.6932316794199336,-0.6953301162967712,dicyclohexyl_ketone,1j,-2.1186120270848914,-0.40163468552257264,-2.771876906464647,-2.081173527620791,17
dppbz,L5,-1.2934495742610383,-1.6484729828402587,-0.8107092006463142,0.15292284224769545,0.5258018096654187,0.02617415786331375,0.25730803980780365,-0.22010527527017806,benzophenone,1a,0.8427101472577334,-0.9394322605525983,-1.36058593386716,1.291462218750346,4
dppbz,L5,-1.2934495742610383,-1.6484729828402587,-0.8107092006463142,0.15292284224769545,0.5258018096654187,0.02617415786331375,0.25730803980780365,-0.22010527527017806,"4,4'-dimethylbenzophenone",1b,1.8056864484170987,-0.2009679056390166,-1.7881749848607933,1.5998575907070622,3
dppbz,L5,-1.2934495742610383,-1.6484729828402587,-0.8107092006463142,0.15292284224769545,0.5258018096654187,0.02617415786331375,0.25730803980780365,-0.22010527527017806,"4,4'-dimethoxybenzophenone",1c,5.636770282625896,6.127452924376358,0.8271127102741971,-0.9382093437251607,7
dppbz,L5,-1.2934495742610383,-1.6484729828402587,-0.8107092006463142,0.15292284224769545,0.5258018096654187,0.02617415786331375,0.25730803980780365,-0.22010527527017806,"4,4'-difluorobenzophenone",1d,1.7968482095098177,-3.145565837437122,1.2285721582026807,2.4471336770955046,6
dppbz,L5,-1.2934495742610383,-1.6484729828402587,-0.8107092006463142,0.15292284224769545,0.5258018096654187,0.02617415786331375,0.25730803980780365,-0.22010527527017806,acetophenone,1e,1.0132145145263929,-1.1950914581886265,-1.1620572610409168,-0.005309695415745033,3
dppbz,L5,-1.2934495742610383,-1.6484729828402587,-0.8107092006463142,0.15292284224769545,0.5258018096654187,0.02617415786331375,0.25730803980780365,-0.22010527527017806,"2,2,2-trifluoroacetophenone",1f,1.7241651658306596,-4.481914060561882,3.248229013671938,-2.4461608950508875,36
dppbz,L5,-1.2934495742610383,-1.6484729828402587,-0.8107092006463142,0.15292284224769545,0.5258018096654187,0.02617415786331375,0.25730803980780365,-0.22010527527017806,cyclohexyl_phenyl_ketone,1g,-1.8573943298159559,-0.34631451407483405,-1.9547659837300082,-1.0989874944672833,2
dppbz,L5,-1.2934495742610383,-1.6484729828402587,-0.8107092006463142,0.15292284224769545,0.5258018096654187,0.02617415786331375,0.25730803980780365,-0.22010527527017806,alpha-tetralone,1h,-4.19379991898935,2.244783042994133,2.059608200769969,0.9042156513364875,1
dppbz,L5,-1.2934495742610383,-1.6484729828402587,-0.8107092006463142,0.15292284224769545,0.5258018096654187,0.02617415786331375,0.25730803980780365,-0.22010527527017806,beta-tetralone,1i,-4.649588492277395,2.3386847546061604,1.6739389870447392,0.327171818390467,12
dppbz,L5,-1.2934495742610383,-1.6484729828402587,-0.8107092006463142,0.15292284224769545,0.5258018096654187,0.02617415786331375,0.25730803980780365,-0.22010527527017806,dicyclohexyl_ketone,1j,-2.1186120270848914,-0.40163468552257264,-2.771876906464647,-2.081173527620791,0
"2,2'-bis(diphenylphosphino)biphenyl",L6,-1.1416827377567094,-1.573815145941503,-1.2358621474469655,0.19667476591219885,0.8796782481962021,0.2534699682610798,0.3035374152943161,0.6420599328938176,benzophenone,1a,0.8427101472577334,-0.9394322605525983,-1.36058593386716,1.291462218750346,25
"2,2'-bis(diphenylphosphino)biphenyl",L6,-1.1416827377567094,-1.573815145941503,-1.2358621474469655,0.19667476591219885,0.8796782481962021,0.2534699682610798,0.3035374152943161,0.6420599328938176,"4,4'-dimethylbenzophenone",1b,1.8056864484170987,-0.2009679056390166,-1.7881749848607933,1.5998575907070622,13
"2,2'-bis(diphenylphosphino)biphenyl",L6,-1.1416827377567094,-1.573815145941503,-1.2358621474469655,0.19667476591219885,0.8796782481962021,0.2534699682610798,0.3035374152943161,0.6420599328938176,"4,4'-dimethoxybenzophenone",1c,5.636770282625896,6.127452924376358,0.8271127102741971,-0.9382093437251607,10
"2,2'-bis(diphenylphosphino)biphenyl",L6,-1.1416827377567094,-1.573815145941503,-1.2358621474469655,0.19667476591219885,0.8796782481962021,0.2534699682610798,0.3035374152943161,0.6420599328938176,"4,4'-difluorobenzophenone",1d,1.7968482095098177,-3.145565837437122,1.2285721582026807,2.4471336770955046,51
"2,2'-bis(diphenylphosphino)biphenyl",L6,-1.1416827377567094,-1.573815145941503,-1.2358621474469655,0.19667476591219885,0.8796782481962021,0.2534699682610798,0.3035374152943161,0.6420599328938176,acetophenone,1e,1.0132145145263929,-1.1950914581886265,-1.1620572610409168,-0.005309695415745033,21
"2,2'-bis(diphenylphosphino)biphenyl",L6,-1.1416827377567094,-1.573815145941503,-1.2358621474469655,0.19667476591219885,0.8796782481962021,0.2534699682610798,0.3035374152943161,0.6420599328938176,"2,2,2-trifluoroacetophenone",1f,1.7241651658306596,-4.481914060561882,3.248229013671938,-2.4461608950508875,96
"2,2'-bis(diphenylphosphino)biphenyl",L6,-1.1416827377567094,-1.573815145941503,-1.2358621474469655,0.19667476591219885,0.8796782481962021,0.2534699682610798,0.3035374152943161,0.6420599328938176,cyclohexyl_phenyl_ketone,1g,-1.8573943298159559,-0.34631451407483405,-1.9547659837300082,-1.0989874944672833,11
"2,2'-bis(diphenylphosphino)biphenyl",L6,-1.1416827377567094,-1.573815145941503,-1.2358621474469655,0.19667476591219885,0.8796782481962021,0.2534699682610798,0.3035374152943161,0.6420599328938176,alpha-tetralone,1h,-4.19379991898935,2.244783042994133,2.059608200769969,0.9042156513364875,13
"2,2'-bis(diphenylphosphino)biphenyl",L6,-1.1416827377567094,-1.573815145941503,-1.2358621474469655,0.19667476591219885,0.8796782481962021,0.2534699682610798,0.3035374152943161,0.6420599328938176,beta-tetralone,1i,-4.649588492277395,2.3386847546061604,1.6739389870447392,0.327171818390467,95
"2,2'-bis(diphenylphosphino)biphenyl",L6,-1.1416827377567094,-1.573815145941503,-1.2358621474469655,0.19667476591219885,0.8796782481962021,0.2534699682610798,0.3035374152943161,0.6420599328938176,dicyclohexyl_ketone,1j,-2.1186120270848914,-0.40163468552257264,-2.771876906464647,-2.081173527620791,3
"1,8-bis(diphenylphosphino)naphthalene",L7,-1.7198761211594589,-2.089819792718853,0.934125586371198,-1.3082583615222672,1.7423487706893288,0.8082514173268844,-0.5344856200977697,-1.6694219745254528,benzophenone,1a,0.8427101472577334,-0.9394322605525983,-1.36058593386716,1.291462218750346,31
"1,8-bis(diphenylphosphino)naphthalene",L7,-1.7198761211594589,-2.089819792718853,0.934125586371198,-1.3082583615222672,1.7423487706893288,0.8082514173268844,-0.5344856200977697,-1.6694219745254528,"4,4'-dimethylbenzophenone",1b,1.8056864484170987,-0.2009679056390166,-1.7881749848607933,1.5998575907070622,6
"1,8-bis(diphenylphosphino)naphthalene",L7,-1.7198761211594589,-2.089819792718853,0.934125586371198,-1.3082583615222672,1.7423487706893288,0.8082514173268844,-0.5344856200977697,-1.6694219745254528,"4,4'-dimethoxybenzophenone",1c,5.636770282625896,6.127452924376358,0.8271127102741971,-0.9382093437251607,4
"1,8-bis(diphenylphosphino)naphthalene",L7,-1.7198761211594589,-2.089819792718853,0.934125586371198,-1.3082583615222672,1.7423487706893288,0.8082514173268844,-0.5344856200977697,-1.6694219745254528,"4,4'-difluorobenzophenone",1d,1.7968482095098177,-3.145565837437122,1.2285721582026807,2.4471336770955046,17
"1,8-bis(diphenylphosphino)naphthalene",L7,-1.7198761211594589,-2.089819792718853,0.934125586371198,-1.3082583615222672,1.7423487706893288,0.8082514173268844,-0.5344856200977697,-1.6694219745254528,acetophenone,1e,1.0132145145263929,-1.1950914581886265,-1.1620572610409168,-0.005309695415745033,14
"1,8-bis(diphenylphosphino)naphthalene",L7,-1.7198761211594589,-2.089819792718853,0.934125586371198,-1.3082583615222672,1.7423487706893288,0.8082514173268844,-0.5344856200977697,-1.6694219745254528,"2,2,2-trifluoroacetophenone",1f,1.7241651658306596,-4.481914060561882,3.248229013671938,-2.4461608950508875,73
"1,8-bis(diphenylphosphino)naphthalene",L7,-1.7198761211594589,-2.089819792718853,0.934125586371198,-1.3082583615222672,1.7423487706893288,0.8082514173268844,-0.5344856200977697,-1.6694219745254528,cyclohexyl_phenyl_ketone,1g,-1.8573943298159559,-0.34631451407483405,-1.9547659837300082,-1.0989874944672833,5
"1,8-bis(diphenylphosphino)naphthalene",L7,-1.7198761211594589,-2.089819792718853,0.934125586371198,-1.3082583615222672,1.7423487706893288,0.8082514173268844,-0.5344856200977697,-1.6694219745254528,alpha-tetralone,1h,-4.19379991898935,2.244783042994133,2.059608200769969,0.9042156513364875,7
"1,8-bis(diphenylphosphino)naphthalene",L7,-1.7198761211594589,-2.089819792718853,0.934125586371198,-1.3082583615222672,1.7423487706893288,0.8082514173268844,-0.5344856200977697,-1.6694219745254528,beta-tetralone,1i,-4.649588492277395,2.3386847546061604,1.6739389870447392,0.327171818390467,36
"1,8-bis(diphenylphosphino)naphthalene",L7,-1.7198761211594589,-2.089819792718853,0.934125586371198,-1.3082583615222672,1.7423487706893288,0.8082514173268844,-0.5344856200977697,-1.6694219745254528,dicyclohexyl_ketone,1j,-2.1186120270848914,-0.40163468552257264,-2.771876906464647,-2.081173527620791,0
bis[2-(diphenylphosphino)phenyl]_ether,L8,2.9435527234353343,-0.7990902667746704,-1.165675212870085,0.821727006560907,-0.23880772417126594,-0.5468551602544861,-0.3468693105257247,-0.7779095231924332,benzophenone,1a,0.8427101472577334,-0.9394322605525983,-1.36058593386716,1.291462218750346,99
bis[2-(diphenylphosphino)phenyl]_ether,L8,2.9435527234353343,-0.7990902667746704,-1.165675212870085,0.821727006560907,-0.23880772417126594,-0.5468551602544861,-0.3468693105257247,-0.7779095231924332,"4,4'-dimethylbenzophenone",1b,1.8056864484170987,-0.2009679056390166,-1.7881749848607933,1.5998575907070622,99
bis[2-(diphenylphosphino)phenyl]_ether,L8,2.9435527234353343,-0.7990902667746704,-1.165675212870085,0.821727006560907,-0.23880772417126594,-0.5468551602544861,-0.3468693105257247,-0.7779095231924332,"4,4'-dimethoxybenzophenone",1c,5.636770282625896,6.127452924376358,0.8271127102741971,-0.9382093437251607,85
bis[2-(diphenylphosphino)phenyl]_ether,L8,2.9435527234353343,-0.7990902667746704,-1.165675212870085,0.821727006560907,-0.23880772417126594,-0.5468551602544861,-0.3468693105257247,-0.7779095231924332,"4,4'-difluorobenzophenone",1d,1.7968482095098177,-3.145565837437122,1.2285721582026807,2.4471336770955046,99
bis[2-(diphenylphosphino)phenyl]_ether,L8,2.9435527234353343,-0.7990902667746704,-1.165675212870085,0.821727006560907,-0.23880772417126594,-0.5468551602544861,-0.3468693105257247,-0.7779095231924332,acetophenone,1e,1.0132145145263929,-1.1950914581886265,-1.1620572610409168,-0.005309695415745033,86
bis[2-(diphenylphosphino)phenyl]_ether,L8,2.9435527234353343,-0.7990902667746704,-1.165675212870085,0.821727006560907,-0.23880772417126594,-0.5468551602544861,-0.3468693105257247,-0.7779095231924332,"2,2,2-trifluoroacetophenone",1f,1.7241651658306596,-4.481914060561882,3.248229013671938,-2.4461608950508875,91
bis[2-(diphenylphosphino)phenyl]_ether,L8,2.9435527234353343,-0.7990902667746704,-1.165675212870085,0.821727006560907,-0.23880772417126594,-0.5468551602544861,-0.3468693105257247,-0.7779095231924332,cyclohexyl_phenyl_ketone,1g,-1.8573943298159559,-0.34631451407483405,-1.9547659837300082,-1.0989874944672833,98
bis[2-(diphenylphosphino)phenyl]_ether,L8,2.9435527234353343,-0.7990902667746704,-1.165675212870085,0.821727006560907,-0.23880772417126594,-0.5468551602544861,-0.3468693105257247,-0.7779095231924332,alpha-tetralone,1h,-4.19379991898935,2.244783042994133,2.059608200769969,0.9042156513364875,39
bis[2-(diphenylphosphino)phenyl]_ether,L8,2.9435527234353343,-0.7990902667746704,-1.165675212870085,0.821727006560907,-0.23880772417126594,-0.5468551602544861,-0.3468693105257247,-0.7779095231924332,beta-tetralone,1i,-4.649588492277395,2.3386847546061604,1.6739389870447392,0.327171818390467,94
bis[2-(diphenylphosphino)phenyl]_ether,L8,2.9435527234353343,-0.7990902667746704,-1.165675212870085,0.821727006560907,-0.23880772417126594,-0.5468551602544861,-0.3468693105257247,-0.7779095231924332,dicyclohexyl_ketone,1j,-2.1186120270848914,-0.40163468552257264,-2.771876906464647,-2.081173527620791,18
xantphos,L9,3.257860065354932,-1.6250105082143897,5.074940497906499,-4.580240612667322,6.025389881135857,2.9256016776154903,-3.1654254835771374,-0.7857654335776191,benzophenone,1a,0.8427101472577334,-0.9394322605525983,-1.36058593386716,1.291462218750346,96
xantphos,L9,3.257860065354932,-1.6250105082143897,5.074940497906499,-4.580240612667322,6.025389881135857,2.9256016776154903,-3.1654254835771374,-0.7857654335776191,"4,4'-dimethylbenzophenone",1b,1.8056864484170987,-0.2009679056390166,-1.7881749848607933,1.5998575907070622,99
xantphos,L9,3.257860065354932,-1.6250105082143897,5.074940497906499,-4.580240612667322,6.025389881135857,2.9256016776154903,-3.1654254835771374,-0.7857654335776191,"4,4'-dimethoxybenzophenone",1c,5.636770282625896,6.127452924376358,0.8271127102741971,-0.9382093437251607,88
xantphos,L9,3.257860065354932,-1.6250105082143897,5.074940497906499,-4.580240612667322,6.025389881135857,2.9256016776154903,-3.1654254835771374,-0.7857654335776191,"4,4'-difluorobenzophenone",1d,1.7968482095098177,-3.145565837437122,1.2285721582026807,2.4471336770955046,99
xantphos,L9,3.257860065354932,-1.6250105082143897,5.074940497906499,-4.580240612667322,6.025389881135857,2.9256016776154903,-3.1654254835771374,-0.7857654335776191,acetophenone,1e,1.0132145145263929,-1.1950914581886265,-1.1620572610409168,-0.005309695415745033,70
xantphos,L9,3.257860065354932,-1.6250105082143897,5.074940497906499,-4.580240612667322,6.025389881135857,2.9256016776154903,-3.1654254835771374,-0.7857654335776191,"2,2,2-trifluoroacetophenone",1f,1.7241651658306596,-4.481914060561882,3.248229013671938,-2.4461608950508875,90
xantphos,L9,3.257860065354932,-1.6250105082143897,5.074940497906499,-4.580240612667322,6.025389881135857,2.9256016776154903,-3.1654254835771374,-0.7857654335776191,cyclohexyl_phenyl_ketone,1g,-1.8573943298159559,-0.34631451407483405,-1.9547659837300082,-1.0989874944672833,96
xantphos,L9,3.257860065354932,-1.6250105082143897,5.074940497906499,-4.580240612667322,6.025389881135857,2.9256016776154903,-3.1654254835771374,-0.7857654335776191,alpha-tetralone,1h,-4.19379991898935,2.244783042994133,2.059608200769969,0.9042156513364875,19
xantphos,L9,3.257860065354932,-1.6250105082143897,5.074940497906499,-4.580240612667322,6.025389881135857,2.9256016776154903,-3.1654254835771374,-0.7857654335776191,beta-tetralone,1i,-4.649588492277395,2.3386847546061604,1.6739389870447392,0.327171818390467,96
xantphos,L9,3.257860065354932,-1.6250105082143897,5.074940497906499,-4.580240612667322,6.025389881135857,2.9256016776154903,-3.1654254835771374,-0.7857654335776191,dicyclohexyl_ketone,1j,-2.1186120270848914,-0.40163468552257264,-2.771876906464647,-2.081173527620791,27
"1,3-bis[(di-tert-butylphosphino)oxy]benzene",L10,7.470784191005577,2.7707183111295985,3.8614325120641753,-5.052178618252126,-5.615190567770975,2.577419224214968,4.416095142472206,0.5042765329534594,benzophenone,1a,0.8427101472577334,-0.9394322605525983,-1.36058593386716,1.291462218750346,3
"1,3-bis[(di-tert-butylphosphino)oxy]benzene",L10,7.470784191005577,2.7707183111295985,3.8614325120641753,-5.052178618252126,-5.615190567770975,2.577419224214968,4.416095142472206,0.5042765329534594,"4,4'-dimethylbenzophenone",1b,1.8056864484170987,-0.2009679056390166,-1.7881749848607933,1.5998575907070622,2
"1,3-bis[(di-tert-butylphosphino)oxy]benzene",L10,7.470784191005577,2.7707183111295985,3.8614325120641753,-5.052178618252126,-5.615190567770975,2.577419224214968,4.416095142472206,0.5042765329534594,"4,4'-dimethoxybenzophenone",1c,5.636770282625896,6.127452924376358,0.8271127102741971,-0.9382093437251607,1
"1,3-bis[(di-tert-butylphosphino)oxy]benzene",L10,7.470784191005577,2.7707183111295985,3.8614325120641753,-5.052178618252126,-5.615190567770975,2.577419224214968,4.416095142472206,0.5042765329534594,"4,4'-difluorobenzophenone",1d,1.7968482095098177,-3.145565837437122,1.2285721582026807,2.4471336770955046,3
"1,3-bis[(di-tert-butylphosphino)oxy]benzene",L10,7.470784191005577,2.7707183111295985,3.8614325120641753,-5.052178618252126,-5.615190567770975,2.577419224214968,4.416095142472206,0.5042765329534594,acetophenone,1e,1.0132145145263929,-1.1950914581886265,-1.1620572610409168,-0.005309695415745033,4
"1,3-bis[(di-tert-butylphosphino)oxy]benzene",L10,7.470784191005577,2.7707183111295985,3.8614325120641753,-5.052178618252126,-5.615190567770975,2.577419224214968,4.416095142472206,0.5042765329534594,"2,2,2-trifluoroacetophenone",1f,1.7241651658306596,-4.481914060561882,3.248229013671938,-2.4461608950508875,76
"1,3-bis[(di-tert-butylphosphino)oxy]benzene",L10,7.470784191005577,2.7707183111295985,3.8614325120641753,-5.052178618252126,-5.615190567770975,2.577419224214968,4.416095142472206,0.5042765329534594,cyclohexyl_phenyl_ketone,1g,-1.8573943298159559,-0.34631451407483405,-1.9547659837300082,-1.0989874944672833,2
"1,3-bis[(di-tert-butylphosphino)oxy]benzene",L10,7.470784191005577,2.7707183111295985,3.8614325120641753,-5.052178618252126,-5.615190567770975,2.577419224214968,4.416095142472206,0.5042765329534594,alpha-tetralone,1h,-4.19379991898935,2.244783042994133,2.059608200769969,0.9042156513364875,1
"1,3-bis[(di-tert-butylphosphino)oxy]benzene",L10,7.470784191005577,2.7707183111295985,3.8614325120641753,-5.052178618252126,-5.615190567770975,2.577419224214968,4.416095142472206,0.5042765329534594,beta-tetralone,1i,-4.649588492277395,2.3386847546061604,1.6739389870447392,0.327171818390467,0
"1,3-bis[(di-tert-butylphosphino)oxy]benzene",L10,7.470784191005577,2.7707183111295985,3.8614325120641753,-5.052178618252126,-5.615190567770975,2.577419224214968,4.416095142472206,0.5042765329534594,dicyclohexyl_ketone,1j,-2.1186120270848914,-0.40163468552257264,-2.771876906464647,-2.081173527620791,0
dppf,L11,-3.157454410624226,-3.544939547442323,2.8733751343451917,5.7926403679087555,-4.759979723487949,6.576532968838905,-2.678690903228304,1.1173982619313159,benzophenone,1a,0.8427101472577334,-0.9394322605525983,-1.36058593386716,1.291462218750346,93
dppf,L11,-3.157454410624226,-3.544939547442323,2.8733751343451917,5.7926403679087555,-4.759979723487949,6.576532968838905,-2.678690903228304,1.1173982619313159,"4,4'-dimethylbenzophenone",1b,1.8056864484170987,-0.2009679056390166,-1.7881749848607933,1.5998575907070622,95
dppf,L11,-3.157454410624226,-3.544939547442323,2.8733751343451917,5.7926403679087555,-4.759979723487949,6.576532968838905,-2.678690903228304,1.1173982619313159,"4,4'-dimethoxybenzophenone",1c,5.636770282625896,6.127452924376358,0.8271127102741971,-0.9382093437251607,91
dppf,L11,-3.157454410624226,-3.544939547442323,2.8733751343451917,5.7926403679087555,-4.759979723487949,6.576532968838905,-2.678690903228304,1.1173982619313159,"4,4'-difluorobenzophenone",1d,1.7968482095098177,-3.145565837437122,1.2285721582026807,2.4471336770955046,88
dppf,L11,-3.157454410624226,-3.544939547442323,2.8733751343451917,5.7926403679087555,-4.759979723487949,6.576532968838905,-2.678690903228304,1.1173982619313159,acetophenone,1e,1.0132145145263929,-1.1950914581886265,-1.1620572610409168,-0.005309695415745033,80
dppf,L11,-3.157454410624226,-3.544939547442323,2.8733751343451917,5.7926403679087555,-4.759979723487949,6.576532968838905,-2.678690903228304,1.1173982619313159,"2,2,2-trifluoroacetophenone",1f,1.7241651658306596,-4.481914060561882,3.248229013671938,-2.4461608950508875,86
dppf,L11,-3.157454410624226,-3.544939547442323,2.8733751343451917,5.7926403679087555,-4.759979723487949,6.576532968838905,-2.678690903228304,1.1173982619313159,cyclohexyl_phenyl_ketone,1g,-1.8573943298159559,-0.34631451407483405,-1.9547659837300082,-1.0989874944672833,93
dppf,L11,-3.157454410624226,-3.544939547442323,2.8733751343451917,5.7926403679087555,-4.759979723487949,6.576532968838905,-2.678690903228304,1.1173982619313159,alpha-tetralone,1h,-4.19379991898935,2.244783042994133,2.059608200769969,0.9042156513364875,15
dppf,L11,-3.157454410624226,-3.544939547442323,2.8733751343451917,5.7926403679087555,-4.759979723487949,6.576532968838905,-2.678690903228304,1.1173982619313159,beta-tetralone,1i,-4.649588492277395,2.3386847546061604,1.6739389870447392,0.327171818390467,95
dppf,L11,-3.157454410624226,-3.544939547442323,2.8733751343451917,5.7926403679087555,-4.759979723487949,6.576532968838905,-2.678690903228304,1.1173982619313159,dicyclohexyl_ketone,1j,-2.1186120270848914,-0.40163468552257264,-2.771876906464647,-2.081173527620791,18
triphenylphosphine,L12,-1.865814807663951,-1.6318352736177586,-0.10368266294416903,-0.06430544886749458,-0.11220059291757839,-0.13128276434828406,0.644227369808586,-0.8624228092391794,benzophenone,1a,0.8427101472577334,-0.9394322605525983,-1.36058593386716,1.291462218750346,85
triphenylphosphine,L12,-1.865814807663951,-1.6318352736177586,-0.10368266294416903,-0.06430544886749458,-0.11220059291757839,-0.13128276434828406,0.644227369808586,-0.8624228092391794,"4,4'-dimethylbenzophenone",1b,1.8056864484170987,-0.2009679056390166,-1.7881749848607933,1.5998575907070622,57
triphenylphosphine,L12,-1.865814807663951,-1.6318352736177586,-0.10368266294416903,-0.06430544886749458,-0.11220059291757839,-0.13128276434828406,0.644227369808586,-0.8624228092391794,"4,4'-dimethoxybenzophenone",1c,5.636770282625896,6.127452924376358,0.8271127102741971,-0.9382093437251607,31
triphenylphosphine,L12,-1.865814807663951,-1.6318352736177586,-0.10368266294416903,-0.06430544886749458,-0.11220059291757839,-0.13128276434828406,0.644227369808586,-0.8624228092391794,"4,4'-difluorobenzophenone",1d,1.7968482095098177,-3.145565837437122,1.2285721582026807,2.4471336770955046,96
triphenylphosphine,L12,-1.865814807663951,-1.6318352736177586,-0.10368266294416903,-0.06430544886749458,-0.11220059291757839,-0.13128276434828406,0.644227369808586,-0.8624228092391794,acetophenone,1e,1.0132145145263929,-1.1950914581886265,-1.1620572610409168,-0.005309695415745033,46
triphenylphosphine,L12,-1.865814807663951,-1.6318352736177586,-0.10368266294416903,-0.06430544886749458,-0.11220059291757839,-0.13128276434828406,0.644227369808586,-0.8624228092391794,"2,2,2-trifluoroacetophenone",1f,1.7241651658306596,-4.481914060561882,3.248229013671938,-2.4461608950508875,88
triphenylphosphine,L12,-1.865814807663951,-1.6318352736177586,-0.10368266294416903,-0.06430544886749458,-0.11220059291757839,-0.13128276434828406,0.644227369808586,-0.8624228092391794,cyclohexyl_phenyl_ketone,1g,-1.8573943298159559,-0.34631451407483405,-1.9547659837300082,-1.0989874944672833,58
triphenylphosphine,L12,-1.865814807663951,-1.6318352736177586,-0.10368266294416903,-0.06430544886749458,-0.11220059291757839,-0.13128276434828406,0.644227369808586,-0.8624228092391794,alpha-tetralone,1h,-4.19379991898935,2.244783042994133,2.059608200769969,0.9042156513364875,26
triphenylphosphine,L12,-1.865814807663951,-1.6318352736177586,-0.10368266294416903,-0.06430544886749458,-0.11220059291757839,-0.13128276434828406,0.644227369808586,-0.8624228092391794,beta-tetralone,1i,-4.649588492277395,2.3386847546061604,1.6739389870447392,0.327171818390467,93
triphenylphosphine,L12,-1.865814807663951,-1.6318352736177586,-0.10368266294416903,-0.06430544886749458,-0.11220059291757839,-0.13128276434828406,0.644227369808586,-0.8624228092391794,dicyclohexyl_ketone,1j,-2.1186120270848914,-0.40163468552257264,-2.771876906464647,-2.081173527620791,4
tri(p-tolyl)phosphine,L13,-0.9198648094299277,-0.9044256791015087,-0.34724068754043036,-0.42656325033800585,-0.1296849354417068,0.23341956770303235,-0.19324156845276944,-1.2962746514198575,benzophenone,1a,0.8427101472577334,-0.9394322605525983,-1.36058593386716,1.291462218750346,84
tri(p-tolyl)phosphine,L13,-0.9198648094299277,-0.9044256791015087,-0.34724068754043036,-0.42656325033800585,-0.1296849354417068,0.23341956770303235,-0.19324156845276944,-1.2962746514198575,"4,4'-dimethylbenzophenone",1b,1.8056864484170987,-0.2009679056390166,-1.7881749848607933,1.5998575907070622,54
tri(p-tolyl)phosphine,L13,-0.9198648094299277,-0.9044256791015087,-0.34724068754043036,-0.42656325033800585,-0.1296849354417068,0.23341956770303235,-0.19324156845276944,-1.2962746514198575,"4,4'-dimethoxybenzophenone",1c,5.636770282625896,6.127452924376358,0.8271127102741971,-0.9382093437251607,34
tri(p-tolyl)phosphine,L13,-0.9198648094299277,-0.9044256791015087,-0.34724068754043036,-0.42656325033800585,-0.1296849354417068,0.23341956770303235,-0.19324156845276944,-1.2962746514198575,"4,4'-difluorobenzophenone",1d,1.7968482095098177,-3.145565837437122,1.2285721582026807,2.4471336770955046,96
tri(p-tolyl)phosphine,L13,-0.9198648094299277,-0.9044256791015087,-0.34724068754043036,-0.42656325033800585,-0.1296849354417068,0.23341956770303235,-0.19324156845276944,-1.2962746514198575,acetophenone,1e,1.0132145145263929,-1.1950914581886265,-1.1620572610409168,-0.005309695415745033,48
tri(p-tolyl)phosphine,L13,-0.9198648094299277,-0.9044256791015087,-0.34724068754043036,-0.42656325033800585,-0.1296849354417068,0.23341956770303235,-0.19324156845276944,-1.2962746514198575,"2,2,2-trifluoroacetophenone",1f,1.7241651658306596,-4.481914060561882,3.248229013671938,-2.4461608950508875,88
tri(p-tolyl)phosphine,L13,-0.9198648094299277,-0.9044256791015087,-0.34724068754043036,-0.42656325033800585,-0.1296849354417068,0.23341956770303235,-0.19324156845276944,-1.2962746514198575,cyclohexyl_phenyl_ketone,1g,-1.8573943298159559,-0.34631451407483405,-1.9547659837300082,-1.0989874944672833,53
tri(p-tolyl)phosphine,L13,-0.9198648094299277,-0.9044256791015087,-0.34724068754043036,-0.42656325033800585,-0.1296849354417068,0.23341956770303235,-0.19324156845276944,-1.2962746514198575,alpha-tetralone,1h,-4.19379991898935,2.244783042994133,2.059608200769969,0.9042156513364875,22
tri(p-tolyl)phosphine,L13,-0.9198648094299277,-0.9044256791015087,-0.34724068754043036,-0.42656325033800585,-0.1296849354417068,0.23341956770303235,-0.19324156845276944,-1.2962746514198575,beta-tetralone,1i,-4.649588492277395,2.3386847546061604,1.6739389870447392,0.327171818390467,98
tri(p-tolyl)phosphine,L13,-0.9198648094299277,-0.9044256791015087,-0.34724068754043036,-0.42656325033800585,-0.1296849354417068,0.23341956770303235,-0.19324156845276944,-1.2962746514198575,dicyclohexyl_ketone,1j,-2.1186120270848914,-0.40163468552257264,-2.771876906464647,-2.081173527620791,3
tri(m-tolyl)phosphine,L14,-0.9198648094299277,-0.9044256791015087,-0.34724068754043036,-0.42656325033800585,-0.1296849354417068,0.23341956770303235,-0.19324156845276944,-1.2962746514198575,benzophenone,1a,0.8427101472577334,-0.9394322605525983,-1.36058593386716,1.291462218750346,92
tri(m-tolyl)phosphine,L14,-0.9198648094299277,-0.9044256791015087,-0.34724068754043036,-0.42656325033800585,-0.1296849354417068,0.23341956770303235,-0.19324156845276944,-1.2962746514198575,"4,4'-dimethylbenzophenone",1b,1.8056864484170987,-0.2009679056390166,-1.7881749848607933,1.5998575907070622,68
tri(m-tolyl)phosphine,L14,-0.9198648094299277,-0.9044256791015087,-0.34724068754043036,-0.42656325033800585,-0.1296849354417068,0.23341956770303235,-0.19324156845276944,-1.2962746514198575,"4,4'-dimethoxybenzophenone",1c,5.636770282625896,6.127452924376358,0.8271127102741971,-0.9382093437251607,45
tri(m-tolyl)phosphine,L14,-0.9198648094299277,-0.9044256791015087,-0.34724068754043036,-0.42656325033800585,-0.1296849354417068,0.23341956770303235,-0.19324156845276944,-1.2962746514198575,"4,4'-difluorobenzophenone",1d,1.7968482095098177,-3.145565837437122,1.2285721582026807,2.4471336770955046,94
tri(m-tolyl)phosphine,L14,-0.9198648094299277,-0.9044256791015087,-0.34724068754043036,-0.42656325033800585,-0.1296849354417068,0.23341956770303235,-0.19324156845276944,-1.2962746514198575,acetophenone,1e,1.0132145145263929,-1.1950914581886265,-1.1620572610409168,-0.005309695415745033,55
tri(m-tolyl)phosphine,L14,-0.9198648094299277,-0.9044256791015087,-0.34724068754043036,-0.42656325033800585,-0.1296849354417068,0.23341956770303235,-0.19324156845276944,-1.2962746514198575,"2,2,2-trifluoroacetophenone",1f,1.7241651658306596,-4.481914060561882,3.248229013671938,-2.4461608950508875,89
tri(m-tolyl)phosphine,L14,-0.9198648094299277,-0.9044256791015087,-0.34724068754043036,-0.42656325033800585,-0.1296849354417068,0.23341956770303235,-0.19324156845276944,-1.2962746514198575,cyclohexyl_phenyl_ketone,1g,-1.8573943298159559,-0.34631451407483405,-1.9547659837300082,-1.0989874944672833,58
tri(m-tolyl)phosphine,L14,-0.9198648094299277,-0.9044256791015087,-0.34724068754043036,-0.42656325033800585,-0.1296849354417068,0.23341956770303235,-0.19324156845276944,-1.2962746514198575,alpha-tetralone,1h,-4.19379991898935,2.244783042994133,2.059608200769969,0.9042156513364875,34
tri(m-tolyl)phosphine,L14,-0.9198648094299277,-0.9044256791015087,-0.34724068754043036,-0.42656325033800585,-0.1296849354417068,0.23341956770303235,-0.19324156845276944,-1.2962746514198575,beta-tetralone,1i,-4.649588492277395,2.3386847546061604,1.6739389870447392,0.327171818390467,95
tri(m-tolyl)phosphine,L14,-0.9198648094299277,-0.9044256791015087,-0.34724068754043036,-0.42656325033800585,-0.1296849354417068,0.23341956770303235,-0.19324156845276944,-1.2962746514198575,dicyclohexyl_ketone,1j,-2.1186120270848914,-0.40163468552257264,-2.771876906464647,-2.081173527620791,6
tri(o-tolyl)phosphine ,L15,-0.34749957602701537,-0.9210633883240089,-1.0542672252425755,-0.20933495922281584,0.5083174671412902,0.3908764899146301,-0.5801608984535519,-0.6539571174508568,benzophenone,1a,0.8427101472577334,-0.9394322605525983,-1.36058593386716,1.291462218750346,4
tri(o-tolyl)phosphine ,L15,-0.34749957602701537,-0.9210633883240089,-1.0542672252425755,-0.20933495922281584,0.5083174671412902,0.3908764899146301,-0.5801608984535519,-0.6539571174508568,"4,4'-dimethylbenzophenone",1b,1.8056864484170987,-0.2009679056390166,-1.7881749848607933,1.5998575907070622,2
tri(o-tolyl)phosphine ,L15,-0.34749957602701537,-0.9210633883240089,-1.0542672252425755,-0.20933495922281584,0.5083174671412902,0.3908764899146301,-0.5801608984535519,-0.6539571174508568,"4,4'-dimethoxybenzophenone",1c,5.636770282625896,6.127452924376358,0.8271127102741971,-0.9382093437251607,0
tri(o-tolyl)phosphine ,L15,-0.34749957602701537,-0.9210633883240089,-1.0542672252425755,-0.20933495922281584,0.5083174671412902,0.3908764899146301,-0.5801608984535519,-0.6539571174508568,"4,4'-difluorobenzophenone",1d,1.7968482095098177,-3.145565837437122,1.2285721582026807,2.4471336770955046,0
tri(o-tolyl)phosphine ,L15,-0.34749957602701537,-0.9210633883240089,-1.0542672252425755,-0.20933495922281584,0.5083174671412902,0.3908764899146301,-0.5801608984535519,-0.6539571174508568,acetophenone,1e,1.0132145145263929,-1.1950914581886265,-1.1620572610409168,-0.005309695415745033,0
tri(o-tolyl)phosphine ,L15,-0.34749957602701537,-0.9210633883240089,-1.0542672252425755,-0.20933495922281584,0.5083174671412902,0.3908764899146301,-0.5801608984535519,-0.6539571174508568,"2,2,2-trifluoroacetophenone",1f,1.7241651658306596,-4.481914060561882,3.248229013671938,-2.4461608950508875,14
tri(o-tolyl)phosphine ,L15,-0.34749957602701537,-0.9210633883240089,-1.0542672252425755,-0.20933495922281584,0.5083174671412902,0.3908764899146301,-0.5801608984535519,-0.6539571174508568,cyclohexyl_phenyl_ketone,1g,-1.8573943298159559,-0.34631451407483405,-1.9547659837300082,-1.0989874944672833,1
tri(o-tolyl)phosphine ,L15,-0.34749957602701537,-0.9210633883240089,-1.0542672252425755,-0.20933495922281584,0.5083174671412902,0.3908764899146301,-0.5801608984535519,-0.6539571174508568,alpha-tetralone,1h,-4.19379991898935,2.244783042994133,2.059608200769969,0.9042156513364875,2
tri(o-tolyl)phosphine ,L15,-0.34749957602701537,-0.9210633883240089,-1.0542672252425755,-0.20933495922281584,0.5083174671412902,0.3908764899146301,-0.5801608984535519,-0.6539571174508568,beta-tetralone,1i,-4.649588492277395,2.3386847546061604,1.6739389870447392,0.327171818390467,7
tri(o-tolyl)phosphine ,L15,-0.34749957602701537,-0.9210633883240089,-1.0542672252425755,-0.20933495922281584,0.5083174671412902,0.3908764899146301,-0.5801608984535519,-0.6539571174508568,dicyclohexyl_ketone,1j,-2.1186120270848914,-0.40163468552257264,-2.771876906464647,-2.081173527620791,0
"tris(3,5-dimethylphenyl)phosphine",L16,-0.9198648094299277,-0.9044256791015087,-0.34724068754043036,-0.42656325033800585,-0.1296849354417068,0.23341956770303235,-0.19324156845276944,-1.2962746514198575,benzophenone,1a,0.8427101472577334,-0.9394322605525983,-1.36058593386716,1.291462218750346,97
"tris(3,5-dimethylphenyl)phosphine",L16,-0.9198648094299277,-0.9044256791015087,-0.34724068754043036,-0.42656325033800585,-0.1296849354417068,0.23341956770303235,-0.19324156845276944,-1.2962746514198575,"4,4'-dimethylbenzophenone",1b,1.8056864484170987,-0.2009679056390166,-1.7881749848607933,1.5998575907070622,76
"tris(3,5-dimethylphenyl)phosphine",L16,-0.9198648094299277,-0.9044256791015087,-0.34724068754043036,-0.42656325033800585,-0.1296849354417068,0.23341956770303235,-0.19324156845276944,-1.2962746514198575,"4,4'-dimethoxybenzophenone",1c,5.636770282625896,6.127452924376358,0.8271127102741971,-0.9382093437251607,58
"tris(3,5-dimethylphenyl)phosphine",L16,-0.9198648094299277,-0.9044256791015087,-0.34724068754043036,-0.42656325033800585,-0.1296849354417068,0.23341956770303235,-0.19324156845276944,-1.2962746514198575,"4,4'-difluorobenzophenone",1d,1.7968482095098177,-3.145565837437122,1.2285721582026807,2.4471336770955046,94
"tris(3,5-dimethylphenyl)phosphine",L16,-0.9198648094299277,-0.9044256791015087,-0.34724068754043036,-0.42656325033800585,-0.1296849354417068,0.23341956770303235,-0.19324156845276944,-1.2962746514198575,acetophenone,1e,1.0132145145263929,-1.1950914581886265,-1.1620572610409168,-0.005309695415745033,73
"tris(3,5-dimethylphenyl)phosphine",L16,-0.9198648094299277,-0.9044256791015087,-0.34724068754043036,-0.42656325033800585,-0.1296849354417068,0.23341956770303235,-0.19324156845276944,-1.2962746514198575,"2,2,2-trifluoroacetophenone",1f,1.7241651658306596,-4.481914060561882,3.248229013671938,-2.4461608950508875,87
"tris(3,5-dimethylphenyl)phosphine",L16,-0.9198648094299277,-0.9044256791015087,-0.34724068754043036,-0.42656325033800585,-0.1296849354417068,0.23341956770303235,-0.19324156845276944,-1.2962746514198575,cyclohexyl_phenyl_ketone,1g,-1.8573943298159559,-0.34631451407483405,-1.9547659837300082,-1.0989874944672833,63
"tris(3,5-dimethylphenyl)phosphine",L16,-0.9198648094299277,-0.9044256791015087,-0.34724068754043036,-0.42656325033800585,-0.1296849354417068,0.23341956770303235,-0.19324156845276944,-1.2962746514198575,alpha-tetralone,1h,-4.19379991898935,2.244783042994133,2.059608200769969,0.9042156513364875,42
"tris(3,5-dimethylphenyl)phosphine",L16,-0.9198648094299277,-0.9044256791015087,-0.34724068754043036,-0.42656325033800585,-0.1296849354417068,0.23341956770303235,-0.19324156845276944,-1.2962746514198575,beta-tetralone,1i,-4.649588492277395,2.3386847546061604,1.6739389870447392,0.327171818390467,91
"tris(3,5-dimethylphenyl)phosphine",L16,-0.9198648094299277,-0.9044256791015087,-0.34724068754043036,-0.42656325033800585,-0.1296849354417068,0.23341956770303235,-0.19324156845276944,-1.2962746514198575,dicyclohexyl_ketone,1j,-2.1186120270848914,-0.40163468552257264,-2.771876906464647,-2.081173527620791,9
tris(4-methoxyphenyl)phosphine,L17,4.74988059849903,0.16325011259110372,-0.4912723927734248,1.5569129462404374,-1.1189592267179564,-1.5862385204580227,-1.1124764088146675,-2.551367338155906,benzophenone,1a,0.8427101472577334,-0.9394322605525983,-1.36058593386716,1.291462218750346,82
tris(4-methoxyphenyl)phosphine,L17,4.74988059849903,0.16325011259110372,-0.4912723927734248,1.5569129462404374,-1.1189592267179564,-1.5862385204580227,-1.1124764088146675,-2.551367338155906,"4,4'-dimethylbenzophenone",1b,1.8056864484170987,-0.2009679056390166,-1.7881749848607933,1.5998575907070622,64
tris(4-methoxyphenyl)phosphine,L17,4.74988059849903,0.16325011259110372,-0.4912723927734248,1.5569129462404374,-1.1189592267179564,-1.5862385204580227,-1.1124764088146675,-2.551367338155906,"4,4'-dimethoxybenzophenone",1c,5.636770282625896,6.127452924376358,0.8271127102741971,-0.9382093437251607,33
tris(4-methoxyphenyl)phosphine,L17,4.74988059849903,0.16325011259110372,-0.4912723927734248,1.5569129462404374,-1.1189592267179564,-1.5862385204580227,-1.1124764088146675,-2.551367338155906,"4,4'-difluorobenzophenone",1d,1.7968482095098177,-3.145565837437122,1.2285721582026807,2.4471336770955046,98
tris(4-methoxyphenyl)phosphine,L17,4.74988059849903,0.16325011259110372,-0.4912723927734248,1.5569129462404374,-1.1189592267179564,-1.5862385204580227,-1.1124764088146675,-2.551367338155906,acetophenone,1e,1.0132145145263929,-1.1950914581886265,-1.1620572610409168,-0.005309695415745033,56
tris(4-methoxyphenyl)phosphine,L17,4.74988059849903,0.16325011259110372,-0.4912723927734248,1.5569129462404374,-1.1189592267179564,-1.5862385204580227,-1.1124764088146675,-2.551367338155906,"2,2,2-trifluoroacetophenone",1f,1.7241651658306596,-4.481914060561882,3.248229013671938,-2.4461608950508875,85
tris(4-methoxyphenyl)phosphine,L17,4.74988059849903,0.16325011259110372,-0.4912723927734248,1.5569129462404374,-1.1189592267179564,-1.5862385204580227,-1.1124764088146675,-2.551367338155906,cyclohexyl_phenyl_ketone,1g,-1.8573943298159559,-0.34631451407483405,-1.9547659837300082,-1.0989874944672833,49
tris(4-methoxyphenyl)phosphine,L17,4.74988059849903,0.16325011259110372,-0.4912723927734248,1.5569129462404374,-1.1189592267179564,-1.5862385204580227,-1.1124764088146675,-2.551367338155906,alpha-tetralone,1h,-4.19379991898935,2.244783042994133,2.059608200769969,0.9042156513364875,24
tris(4-methoxyphenyl)phosphine,L17,4.74988059849903,0.16325011259110372,-0.4912723927734248,1.5569129462404374,-1.1189592267179564,-1.5862385204580227,-1.1124764088146675,-2.551367338155906,beta-tetralone,1i,-4.649588492277395,2.3386847546061604,1.6739389870447392,0.327171818390467,99
tris(4-methoxyphenyl)phosphine,L17,4.74988059849903,0.16325011259110372,-0.4912723927734248,1.5569129462404374,-1.1189592267179564,-1.5862385204580227,-1.1124764088146675,-2.551367338155906,dicyclohexyl_ketone,1j,-2.1186120270848914,-0.40163468552257264,-2.771876906464647,-2.081173527620791,2
tris(o-methoxyphenyl)phosphine,L18,5.3222458319019434,0.14661240336860368,-1.1982989304755702,1.7741412373556273,-0.48095682413496005,-1.4287815982464247,-1.49939573881545,-1.9090498041869042,benzophenone,1a,0.8427101472577334,-0.9394322605525983,-1.36058593386716,1.291462218750346,18
tris(o-methoxyphenyl)phosphine,L18,5.3222458319019434,0.14661240336860368,-1.1982989304755702,1.7741412373556273,-0.48095682413496005,-1.4287815982464247,-1.49939573881545,-1.9090498041869042,"4,4'-dimethylbenzophenone",1b,1.8056864484170987,-0.2009679056390166,-1.7881749848607933,1.5998575907070622,11
tris(o-methoxyphenyl)phosphine,L18,5.3222458319019434,0.14661240336860368,-1.1982989304755702,1.7741412373556273,-0.48095682413496005,-1.4287815982464247,-1.49939573881545,-1.9090498041869042,"4,4'-dimethoxybenzophenone",1c,5.636770282625896,6.127452924376358,0.8271127102741971,-0.9382093437251607,12
tris(o-methoxyphenyl)phosphine,L18,5.3222458319019434,0.14661240336860368,-1.1982989304755702,1.7741412373556273,-0.48095682413496005,-1.4287815982464247,-1.49939573881545,-1.9090498041869042,"4,4'-difluorobenzophenone",1d,1.7968482095098177,-3.145565837437122,1.2285721582026807,2.4471336770955046,24
tris(o-methoxyphenyl)phosphine,L18,5.3222458319019434,0.14661240336860368,-1.1982989304755702,1.7741412373556273,-0.48095682413496005,-1.4287815982464247,-1.49939573881545,-1.9090498041869042,acetophenone,1e,1.0132145145263929,-1.1950914581886265,-1.1620572610409168,-0.005309695415745033,15
tris(o-methoxyphenyl)phosphine,L18,5.3222458319019434,0.14661240336860368,-1.1982989304755702,1.7741412373556273,-0.48095682413496005,-1.4287815982464247,-1.49939573881545,-1.9090498041869042,"2,2,2-trifluoroacetophenone",1f,1.7241651658306596,-4.481914060561882,3.248229013671938,-2.4461608950508875,90
tris(o-methoxyphenyl)phosphine,L18,5.3222458319019434,0.14661240336860368,-1.1982989304755702,1.7741412373556273,-0.48095682413496005,-1.4287815982464247,-1.49939573881545,-1.9090498041869042,cyclohexyl_phenyl_ketone,1g,-1.8573943298159559,-0.34631451407483405,-1.9547659837300082,-1.0989874944672833,5
tris(o-methoxyphenyl)phosphine,L18,5.3222458319019434,0.14661240336860368,-1.1982989304755702,1.7741412373556273,-0.48095682413496005,-1.4287815982464247,-1.49939573881545,-1.9090498041869042,alpha-tetralone,1h,-4.19379991898935,2.244783042994133,2.059608200769969,0.9042156513364875,5
tris(o-methoxyphenyl)phosphine,L18,5.3222458319019434,0.14661240336860368,-1.1982989304755702,1.7741412373556273,-0.48095682413496005,-1.4287815982464247,-1.49939573881545,-1.9090498041869042,beta-tetralone,1i,-4.649588492277395,2.3386847546061604,1.6739389870447392,0.327171818390467,78
tris(o-methoxyphenyl)phosphine,L18,5.3222458319019434,0.14661240336860368,-1.1982989304755702,1.7741412373556273,-0.48095682413496005,-1.4287815982464247,-1.49939573881545,-1.9090498041869042,dicyclohexyl_ketone,1j,-2.1186120270848914,-0.40163468552257264,-2.771876906464647,-2.081173527620791,0
"tris(2,6-dimethoxyphenyl)phosphine",L19,6.4302646566610635,0.39482402323594046,-1.1368140302338028,2.5487630538526336,-0.7626729867622596,-2.151823945444573,-1.6279328081016955,-2.129049326310969,benzophenone,1a,0.8427101472577334,-0.9394322605525983,-1.36058593386716,1.291462218750346,8
"tris(2,6-dimethoxyphenyl)phosphine",L19,6.4302646566610635,0.39482402323594046,-1.1368140302338028,2.5487630538526336,-0.7626729867622596,-2.151823945444573,-1.6279328081016955,-2.129049326310969,"4,4'-dimethylbenzophenone",1b,1.8056864484170987,-0.2009679056390166,-1.7881749848607933,1.5998575907070622,6
"tris(2,6-dimethoxyphenyl)phosphine",L19,6.4302646566610635,0.39482402323594046,-1.1368140302338028,2.5487630538526336,-0.7626729867622596,-2.151823945444573,-1.6279328081016955,-2.129049326310969,"4,4'-dimethoxybenzophenone",1c,5.636770282625896,6.127452924376358,0.8271127102741971,-0.9382093437251607,5
"tris(2,6-dimethoxyphenyl)phosphine",L19,6.4302646566610635,0.39482402323594046,-1.1368140302338028,2.5487630538526336,-0.7626729867622596,-2.151823945444573,-1.6279328081016955,-2.129049326310969,"4,4'-difluorobenzophenone",1d,1.7968482095098177,-3.145565837437122,1.2285721582026807,2.4471336770955046,6
"tris(2,6-dimethoxyphenyl)phosphine",L19,6.4302646566610635,0.39482402323594046,-1.1368140302338028,2.5487630538526336,-0.7626729867622596,-2.151823945444573,-1.6279328081016955,-2.129049326310969,acetophenone,1e,1.0132145145263929,-1.1950914581886265,-1.1620572610409168,-0.005309695415745033,6
"tris(2,6-dimethoxyphenyl)phosphine",L19,6.4302646566610635,0.39482402323594046,-1.1368140302338028,2.5487630538526336,-0.7626729867622596,-2.151823945444573,-1.6279328081016955,-2.129049326310969,"2,2,2-trifluoroacetophenone",1f,1.7241651658306596,-4.481914060561882,3.248229013671938,-2.4461608950508875,63
"tris(2,6-dimethoxyphenyl)phosphine",L19,6.4302646566610635,0.39482402323594046,-1.1368140302338028,2.5487630538526336,-0.7626729867622596,-2.151823945444573,-1.6279328081016955,-2.129049326310969,cyclohexyl_phenyl_ketone,1g,-1.8573943298159559,-0.34631451407483405,-1.9547659837300082,-1.0989874944672833,2
"tris(2,6-dimethoxyphenyl)phosphine",L19,6.4302646566610635,0.39482402323594046,-1.1368140302338028,2.5487630538526336,-0.7626729867622596,-2.151823945444573,-1.6279328081016955,-2.129049326310969,alpha-tetralone,1h,-4.19379991898935,2.244783042994133,2.059608200769969,0.9042156513364875,3
"tris(2,6-dimethoxyphenyl)phosphine",L19,6.4302646566610635,0.39482402323594046,-1.1368140302338028,2.5487630538526336,-0.7626729867622596,-2.151823945444573,-1.6279328081016955,-2.129049326310969,beta-tetralone,1i,-4.649588492277395,2.3386847546061604,1.6739389870447392,0.327171818390467,45
"tris(2,6-dimethoxyphenyl)phosphine",L19,6.4302646566610635,0.39482402323594046,-1.1368140302338028,2.5487630538526336,-0.7626729867622596,-2.151823945444573,-1.6279328081016955,-2.129049326310969,dicyclohexyl_ketone,1j,-2.1186120270848914,-0.40163468552257264,-2.771876906464647,-2.081173527620791,0
tris(4-fluorophenyl)phosphine,L20,-2.934993879678833,-3.234118657500321,0.08860491837605136,-2.610266999698493,-3.007644036919516,-4.280556855518491,-2.0956449198839753,2.1224896283737698,benzophenone,1a,0.8427101472577334,-0.9394322605525983,-1.36058593386716,1.291462218750346,99
tris(4-fluorophenyl)phosphine,L20,-2.934993879678833,-3.234118657500321,0.08860491837605136,-2.610266999698493,-3.007644036919516,-4.280556855518491,-2.0956449198839753,2.1224896283737698,"4,4'-dimethylbenzophenone",1b,1.8056864484170987,-0.2009679056390166,-1.7881749848607933,1.5998575907070622,76
tris(4-fluorophenyl)phosphine,L20,-2.934993879678833,-3.234118657500321,0.08860491837605136,-2.610266999698493,-3.007644036919516,-4.280556855518491,-2.0956449198839753,2.1224896283737698,"4,4'-dimethoxybenzophenone",1c,5.636770282625896,6.127452924376358,0.8271127102741971,-0.9382093437251607,42
tris(4-fluorophenyl)phosphine,L20,-2.934993879678833,-3.234118657500321,0.08860491837605136,-2.610266999698493,-3.007644036919516,-4.280556855518491,-2.0956449198839753,2.1224896283737698,"4,4'-difluorobenzophenone",1d,1.7968482095098177,-3.145565837437122,1.2285721582026807,2.4471336770955046,95
tris(4-fluorophenyl)phosphine,L20,-2.934993879678833,-3.234118657500321,0.08860491837605136,-2.610266999698493,-3.007644036919516,-4.280556855518491,-2.0956449198839753,2.1224896283737698,acetophenone,1e,1.0132145145263929,-1.1950914581886265,-1.1620572610409168,-0.005309695415745033,48
tris(4-fluorophenyl)phosphine,L20,-2.934993879678833,-3.234118657500321,0.08860491837605136,-2.610266999698493,-3.007644036919516,-4.280556855518491,-2.0956449198839753,2.1224896283737698,"2,2,2-trifluoroacetophenone",1f,1.7241651658306596,-4.481914060561882,3.248229013671938,-2.4461608950508875,92
tris(4-fluorophenyl)phosphine,L20,-2.934993879678833,-3.234118657500321,0.08860491837605136,-2.610266999698493,-3.007644036919516,-4.280556855518491,-2.0956449198839753,2.1224896283737698,cyclohexyl_phenyl_ketone,1g,-1.8573943298159559,-0.34631451407483405,-1.9547659837300082,-1.0989874944672833,52
tris(4-fluorophenyl)phosphine,L20,-2.934993879678833,-3.234118657500321,0.08860491837605136,-2.610266999698493,-3.007644036919516,-4.280556855518491,-2.0956449198839753,2.1224896283737698,alpha-tetralone,1h,-4.19379991898935,2.244783042994133,2.059608200769969,0.9042156513364875,20
tris(4-fluorophenyl)phosphine,L20,-2.934993879678833,-3.234118657500321,0.08860491837605136,-2.610266999698493,-3.007644036919516,-4.280556855518491,-2.0956449198839753,2.1224896283737698,beta-tetralone,1i,-4.649588492277395,2.3386847546061604,1.6739389870447392,0.327171818390467,92
tris(4-fluorophenyl)phosphine,L20,-2.934993879678833,-3.234118657500321,0.08860491837605136,-2.610266999698493,-3.007644036919516,-4.280556855518491,-2.0956449198839753,2.1224896283737698,dicyclohexyl_ketone,1j,-2.1186120270848914,-0.40163468552257264,-2.771876906464647,-2.081173527620791,2
tris(p-trifluoromethylphenyl)phosphine,L21,-2.6875548529813384,-3.348505052146434,0.5966114035972135,-3.744105333726105,-3.141401377330833,-3.957377061190922,-2.2889667424514233,2.565442337200427,benzophenone,1a,0.8427101472577334,-0.9394322605525983,-1.36058593386716,1.291462218750346,95
tris(p-trifluoromethylphenyl)phosphine,L21,-2.6875548529813384,-3.348505052146434,0.5966114035972135,-3.744105333726105,-3.141401377330833,-3.957377061190922,-2.2889667424514233,2.565442337200427,"4,4'-dimethylbenzophenone",1b,1.8056864484170987,-0.2009679056390166,-1.7881749848607933,1.5998575907070622,48
tris(p-trifluoromethylphenyl)phosphine,L21,-2.6875548529813384,-3.348505052146434,0.5966114035972135,-3.744105333726105,-3.141401377330833,-3.957377061190922,-2.2889667424514233,2.565442337200427,"4,4'-dimethoxybenzophenone",1c,5.636770282625896,6.127452924376358,0.8271127102741971,-0.9382093437251607,21
tris(p-trifluoromethylphenyl)phosphine,L21,-2.6875548529813384,-3.348505052146434,0.5966114035972135,-3.744105333726105,-3.141401377330833,-3.957377061190922,-2.2889667424514233,2.565442337200427,"4,4'-difluorobenzophenone",1d,1.7968482095098177,-3.145565837437122,1.2285721582026807,2.4471336770955046,39
tris(p-trifluoromethylphenyl)phosphine,L21,-2.6875548529813384,-3.348505052146434,0.5966114035972135,-3.744105333726105,-3.141401377330833,-3.957377061190922,-2.2889667424514233,2.565442337200427,acetophenone,1e,1.0132145145263929,-1.1950914581886265,-1.1620572610409168,-0.005309695415745033,32
tris(p-trifluoromethylphenyl)phosphine,L21,-2.6875548529813384,-3.348505052146434,0.5966114035972135,-3.744105333726105,-3.141401377330833,-3.957377061190922,-2.2889667424514233,2.565442337200427,"2,2,2-trifluoroacetophenone",1f,1.7241651658306596,-4.481914060561882,3.248229013671938,-2.4461608950508875,91
tris(p-trifluoromethylphenyl)phosphine,L21,-2.6875548529813384,-3.348505052146434,0.5966114035972135,-3.744105333726105,-3.141401377330833,-3.957377061190922,-2.2889667424514233,2.565442337200427,cyclohexyl_phenyl_ketone,1g,-1.8573943298159559,-0.34631451407483405,-1.9547659837300082,-1.0989874944672833,30
tris(p-trifluoromethylphenyl)phosphine,L21,-2.6875548529813384,-3.348505052146434,0.5966114035972135,-3.744105333726105,-3.141401377330833,-3.957377061190922,-2.2889667424514233,2.565442337200427,alpha-tetralone,1h,-4.19379991898935,2.244783042994133,2.059608200769969,0.9042156513364875,19
tris(p-trifluoromethylphenyl)phosphine,L21,-2.6875548529813384,-3.348505052146434,0.5966114035972135,-3.744105333726105,-3.141401377330833,-3.957377061190922,-2.2889667424514233,2.565442337200427,beta-tetralone,1i,-4.649588492277395,2.3386847546061604,1.6739389870447392,0.327171818390467,94
tris(p-trifluoromethylphenyl)phosphine,L21,-2.6875548529813384,-3.348505052146434,0.5966114035972135,-3.744105333726105,-3.141401377330833,-3.957377061190922,-2.2889667424514233,2.565442337200427,dicyclohexyl_ketone,1j,-2.1186120270848914,-0.40163468552257264,-2.771876906464647,-2.081173527620791,3
tri(2-furyl)phosphine,L22,0.3220188599131456,-0.1088206706769346,9.4075051366555,4.914246528381685,2.592481176769509,-4.0588014320532775,2.508376873145062,2.298346938395927,benzophenone,1a,0.8427101472577334,-0.9394322605525983,-1.36058593386716,1.291462218750346,30
tri(2-furyl)phosphine,L22,0.3220188599131456,-0.1088206706769346,9.4075051366555,4.914246528381685,2.592481176769509,-4.0588014320532775,2.508376873145062,2.298346938395927,"4,4'-dimethylbenzophenone",1b,1.8056864484170987,-0.2009679056390166,-1.7881749848607933,1.5998575907070622,13
tri(2-furyl)phosphine,L22,0.3220188599131456,-0.1088206706769346,9.4075051366555,4.914246528381685,2.592481176769509,-4.0588014320532775,2.508376873145062,2.298346938395927,"4,4'-dimethoxybenzophenone",1c,5.636770282625896,6.127452924376358,0.8271127102741971,-0.9382093437251607,7
tri(2-furyl)phosphine,L22,0.3220188599131456,-0.1088206706769346,9.4075051366555,4.914246528381685,2.592481176769509,-4.0588014320532775,2.508376873145062,2.298346938395927,"4,4'-difluorobenzophenone",1d,1.7968482095098177,-3.145565837437122,1.2285721582026807,2.4471336770955046,52
tri(2-furyl)phosphine,L22,0.3220188599131456,-0.1088206706769346,9.4075051366555,4.914246528381685,2.592481176769509,-4.0588014320532775,2.508376873145062,2.298346938395927,acetophenone,1e,1.0132145145263929,-1.1950914581886265,-1.1620572610409168,-0.005309695415745033,12
tri(2-furyl)phosphine,L22,0.3220188599131456,-0.1088206706769346,9.4075051366555,4.914246528381685,2.592481176769509,-4.0588014320532775,2.508376873145062,2.298346938395927,"2,2,2-trifluoroacetophenone",1f,1.7241651658306596,-4.481914060561882,3.248229013671938,-2.4461608950508875,81
tri(2-furyl)phosphine,L22,0.3220188599131456,-0.1088206706769346,9.4075051366555,4.914246528381685,2.592481176769509,-4.0588014320532775,2.508376873145062,2.298346938395927,cyclohexyl_phenyl_ketone,1g,-1.8573943298159559,-0.34631451407483405,-1.9547659837300082,-1.0989874944672833,10
tri(2-furyl)phosphine,L22,0.3220188599131456,-0.1088206706769346,9.4075051366555,4.914246528381685,2.592481176769509,-4.0588014320532775,2.508376873145062,2.298346938395927,alpha-tetralone,1h,-4.19379991898935,2.244783042994133,2.059608200769969,0.9042156513364875,5
tri(2-furyl)phosphine,L22,0.3220188599131456,-0.1088206706769346,9.4075051366555,4.914246528381685,2.592481176769509,-4.0588014320532775,2.508376873145062,2.298346938395927,beta-tetralone,1i,-4.649588492277395,2.3386847546061604,1.6739389870447392,0.327171818390467,43
tri(2-furyl)phosphine,L22,0.3220188599131456,-0.1088206706769346,9.4075051366555,4.914246528381685,2.592481176769509,-4.0588014320532775,2.508376873145062,2.298346938395927,dicyclohexyl_ketone,1j,-2.1186120270848914,-0.40163468552257264,-2.771876906464647,-2.081173527620791,1
tri-n-butylphosphine,L23,-5.4454575138179155,13.455315931794074,1.9405942192173193,-0.45102479605733803,-0.9290454622048231,-0.3695205885712437,-3.4509228329350288,-0.8471754677204408,benzophenone,1a,0.8427101472577334,-0.9394322605525983,-1.36058593386716,1.291462218750346,7
tri-n-butylphosphine,L23,-5.4454575138179155,13.455315931794074,1.9405942192173193,-0.45102479605733803,-0.9290454622048231,-0.3695205885712437,-3.4509228329350288,-0.8471754677204408,"4,4'-dimethylbenzophenone",1b,1.8056864484170987,-0.2009679056390166,-1.7881749848607933,1.5998575907070622,4
tri-n-butylphosphine,L23,-5.4454575138179155,13.455315931794074,1.9405942192173193,-0.45102479605733803,-0.9290454622048231,-0.3695205885712437,-3.4509228329350288,-0.8471754677204408,"4,4'-dimethoxybenzophenone",1c,5.636770282625896,6.127452924376358,0.8271127102741971,-0.9382093437251607,1
tri-n-butylphosphine,L23,-5.4454575138179155,13.455315931794074,1.9405942192173193,-0.45102479605733803,-0.9290454622048231,-0.3695205885712437,-3.4509228329350288,-0.8471754677204408,"4,4'-difluorobenzophenone",1d,1.7968482095098177,-3.145565837437122,1.2285721582026807,2.4471336770955046,93
tri-n-butylphosphine,L23,-5.4454575138179155,13.455315931794074,1.9405942192173193,-0.45102479605733803,-0.9290454622048231,-0.3695205885712437,-3.4509228329350288,-0.8471754677204408,acetophenone,1e,1.0132145145263929,-1.1950914581886265,-1.1620572610409168,-0.005309695415745033,77
tri-n-butylphosphine,L23,-5.4454575138179155,13.455315931794074,1.9405942192173193,-0.45102479605733803,-0.9290454622048231,-0.3695205885712437,-3.4509228329350288,-0.8471754677204408,"2,2,2-trifluoroacetophenone",1f,1.7241651658306596,-4.481914060561882,3.248229013671938,-2.4461608950508875,82
tri-n-butylphosphine,L23,-5.4454575138179155,13.455315931794074,1.9405942192173193,-0.45102479605733803,-0.9290454622048231,-0.3695205885712437,-3.4509228329350288,-0.8471754677204408,cyclohexyl_phenyl_ketone,1g,-1.8573943298159559,-0.34631451407483405,-1.9547659837300082,-1.0989874944672833,41
tri-n-butylphosphine,L23,-5.4454575138179155,13.455315931794074,1.9405942192173193,-0.45102479605733803,-0.9290454622048231,-0.3695205885712437,-3.4509228329350288,-0.8471754677204408,alpha-tetralone,1h,-4.19379991898935,2.244783042994133,2.059608200769969,0.9042156513364875,2
tri-n-butylphosphine,L23,-5.4454575138179155,13.455315931794074,1.9405942192173193,-0.45102479605733803,-0.9290454622048231,-0.3695205885712437,-3.4509228329350288,-0.8471754677204408,beta-tetralone,1i,-4.649588492277395,2.3386847546061604,1.6739389870447392,0.327171818390467,23
tri-n-butylphosphine,L23,-5.4454575138179155,13.455315931794074,1.9405942192173193,-0.45102479605733803,-0.9290454622048231,-0.3695205885712437,-3.4509228329350288,-0.8471754677204408,dicyclohexyl_ketone,1j,-2.1186120270848914,-0.40163468552257264,-2.771876906464647,-2.081173527620791,0
tricyclohexylphosphine ,L24,-2.559765117772671,1.8920818548907516,-1.132986494699838,-0.07984807314512388,0.18551288019955986,0.5450971301861822,1.103687139504519,1.8990165587518846,benzophenone,1a,0.8427101472577334,-0.9394322605525983,-1.36058593386716,1.291462218750346,15
tricyclohexylphosphine ,L24,-2.559765117772671,1.8920818548907516,-1.132986494699838,-0.07984807314512388,0.18551288019955986,0.5450971301861822,1.103687139504519,1.8990165587518846,"4,4'-dimethylbenzophenone",1b,1.8056864484170987,-0.2009679056390166,-1.7881749848607933,1.5998575907070622,8
tricyclohexylphosphine ,L24,-2.559765117772671,1.8920818548907516,-1.132986494699838,-0.07984807314512388,0.18551288019955986,0.5450971301861822,1.103687139504519,1.8990165587518846,"4,4'-dimethoxybenzophenone",1c,5.636770282625896,6.127452924376358,0.8271127102741971,-0.9382093437251607,2
tricyclohexylphosphine ,L24,-2.559765117772671,1.8920818548907516,-1.132986494699838,-0.07984807314512388,0.18551288019955986,0.5450971301861822,1.103687139504519,1.8990165587518846,"4,4'-difluorobenzophenone",1d,1.7968482095098177,-3.145565837437122,1.2285721582026807,2.4471336770955046,21
tricyclohexylphosphine ,L24,-2.559765117772671,1.8920818548907516,-1.132986494699838,-0.07984807314512388,0.18551288019955986,0.5450971301861822,1.103687139504519,1.8990165587518846,acetophenone,1e,1.0132145145263929,-1.1950914581886265,-1.1620572610409168,-0.005309695415745033,11
tricyclohexylphosphine ,L24,-2.559765117772671,1.8920818548907516,-1.132986494699838,-0.07984807314512388,0.18551288019955986,0.5450971301861822,1.103687139504519,1.8990165587518846,"2,2,2-trifluoroacetophenone",1f,1.7241651658306596,-4.481914060561882,3.248229013671938,-2.4461608950508875,77
tricyclohexylphosphine ,L24,-2.559765117772671,1.8920818548907516,-1.132986494699838,-0.07984807314512388,0.18551288019955986,0.5450971301861822,1.103687139504519,1.8990165587518846,cyclohexyl_phenyl_ketone,1g,-1.8573943298159559,-0.34631451407483405,-1.9547659837300082,-1.0989874944672833,3
tricyclohexylphosphine ,L24,-2.559765117772671,1.8920818548907516,-1.132986494699838,-0.07984807314512388,0.18551288019955986,0.5450971301861822,1.103687139504519,1.8990165587518846,alpha-tetralone,1h,-4.19379991898935,2.244783042994133,2.059608200769969,0.9042156513364875,2
tricyclohexylphosphine ,L24,-2.559765117772671,1.8920818548907516,-1.132986494699838,-0.07984807314512388,0.18551288019955986,0.5450971301861822,1.103687139504519,1.8990165587518846,beta-tetralone,1i,-4.649588492277395,2.3386847546061604,1.6739389870447392,0.327171818390467,53
tricyclohexylphosphine ,L24,-2.559765117772671,1.8920818548907516,-1.132986494699838,-0.07984807314512388,0.18551288019955986,0.5450971301861822,1.103687139504519,1.8990165587518846,dicyclohexyl_ketone,1j,-2.1186120270848914,-0.40163468552257264,-2.771876906464647,-2.081173527620791,0
methyldiphenylphosphine,L25,-1.0967618565708843,-1.3697681495176666,-0.41318883149628677,0.17715520080195563,-0.14214225258671276,-0.3259742787841065,0.014182052134638228,-1.438530033952128,benzophenone,1a,0.8427101472577334,-0.9394322605525983,-1.36058593386716,1.291462218750346,8
methyldiphenylphosphine,L25,-1.0967618565708843,-1.3697681495176666,-0.41318883149628677,0.17715520080195563,-0.14214225258671276,-0.3259742787841065,0.014182052134638228,-1.438530033952128,"4,4'-dimethylbenzophenone",1b,1.8056864484170987,-0.2009679056390166,-1.7881749848607933,1.5998575907070622,9
methyldiphenylphosphine,L25,-1.0967618565708843,-1.3697681495176666,-0.41318883149628677,0.17715520080195563,-0.14214225258671276,-0.3259742787841065,0.014182052134638228,-1.438530033952128,"4,4'-dimethoxybenzophenone",1c,5.636770282625896,6.127452924376358,0.8271127102741971,-0.9382093437251607,1
methyldiphenylphosphine,L25,-1.0967618565708843,-1.3697681495176666,-0.41318883149628677,0.17715520080195563,-0.14214225258671276,-0.3259742787841065,0.014182052134638228,-1.438530033952128,"4,4'-difluorobenzophenone",1d,1.7968482095098177,-3.145565837437122,1.2285721582026807,2.4471336770955046,12
methyldiphenylphosphine,L25,-1.0967618565708843,-1.3697681495176666,-0.41318883149628677,0.17715520080195563,-0.14214225258671276,-0.3259742787841065,0.014182052134638228,-1.438530033952128,acetophenone,1e,1.0132145145263929,-1.1950914581886265,-1.1620572610409168,-0.005309695415745033,69
methyldiphenylphosphine,L25,-1.0967618565708843,-1.3697681495176666,-0.41318883149628677,0.17715520080195563,-0.14214225258671276,-0.3259742787841065,0.014182052134638228,-1.438530033952128,"2,2,2-trifluoroacetophenone",1f,1.7241651658306596,-4.481914060561882,3.248229013671938,-2.4461608950508875,35
methyldiphenylphosphine,L25,-1.0967618565708843,-1.3697681495176666,-0.41318883149628677,0.17715520080195563,-0.14214225258671276,-0.3259742787841065,0.014182052134638228,-1.438530033952128,cyclohexyl_phenyl_ketone,1g,-1.8573943298159559,-0.34631451407483405,-1.9547659837300082,-1.0989874944672833,1
methyldiphenylphosphine,L25,-1.0967618565708843,-1.3697681495176666,-0.41318883149628677,0.17715520080195563,-0.14214225258671276,-0.3259742787841065,0.014182052134638228,-1.438530033952128,alpha-tetralone,1h,-4.19379991898935,2.244783042994133,2.059608200769969,0.9042156513364875,2
methyldiphenylphosphine,L25,-1.0967618565708843,-1.3697681495176666,-0.41318883149628677,0.17715520080195563,-0.14214225258671276,-0.3259742787841065,0.014182052134638228,-1.438530033952128,beta-tetralone,1i,-4.649588492277395,2.3386847546061604,1.6739389870447392,0.327171818390467,12
methyldiphenylphosphine,L25,-1.0967618565708843,-1.3697681495176666,-0.41318883149628677,0.17715520080195563,-0.14214225258671276,-0.3259742787841065,0.014182052134638228,-1.438530033952128,dicyclohexyl_ketone,1j,-2.1186120270848914,-0.40163468552257264,-2.771876906464647,-2.081173527620791,1
johnphos,L26,0.7571061602747036,-0.8331687047519224,-0.42947423483007224,-2.4927953771081492,1.129993478700214,2.065869298359773,-0.5223355934308813,1.1329892387211924,benzophenone,1a,0.8427101472577334,-0.9394322605525983,-1.36058593386716,1.291462218750346,2
johnphos,L26,0.7571061602747036,-0.8331687047519224,-0.42947423483007224,-2.4927953771081492,1.129993478700214,2.065869298359773,-0.5223355934308813,1.1329892387211924,"4,4'-dimethylbenzophenone",1b,1.8056864484170987,-0.2009679056390166,-1.7881749848607933,1.5998575907070622,1
johnphos,L26,0.7571061602747036,-0.8331687047519224,-0.42947423483007224,-2.4927953771081492,1.129993478700214,2.065869298359773,-0.5223355934308813,1.1329892387211924,"4,4'-dimethoxybenzophenone",1c,5.636770282625896,6.127452924376358,0.8271127102741971,-0.9382093437251607,2
johnphos,L26,0.7571061602747036,-0.8331687047519224,-0.42947423483007224,-2.4927953771081492,1.129993478700214,2.065869298359773,-0.5223355934308813,1.1329892387211924,"4,4'-difluorobenzophenone",1d,1.7968482095098177,-3.145565837437122,1.2285721582026807,2.4471336770955046,2
johnphos,L26,0.7571061602747036,-0.8331687047519224,-0.42947423483007224,-2.4927953771081492,1.129993478700214,2.065869298359773,-0.5223355934308813,1.1329892387211924,acetophenone,1e,1.0132145145263929,-1.1950914581886265,-1.1620572610409168,-0.005309695415745033,1
johnphos,L26,0.7571061602747036,-0.8331687047519224,-0.42947423483007224,-2.4927953771081492,1.129993478700214,2.065869298359773,-0.5223355934308813,1.1329892387211924,"2,2,2-trifluoroacetophenone",1f,1.7241651658306596,-4.481914060561882,3.248229013671938,-2.4461608950508875,17
johnphos,L26,0.7571061602747036,-0.8331687047519224,-0.42947423483007224,-2.4927953771081492,1.129993478700214,2.065869298359773,-0.5223355934308813,1.1329892387211924,cyclohexyl_phenyl_ketone,1g,-1.8573943298159559,-0.34631451407483405,-1.9547659837300082,-1.0989874944672833,1
johnphos,L26,0.7571061602747036,-0.8331687047519224,-0.42947423483007224,-2.4927953771081492,1.129993478700214,2.065869298359773,-0.5223355934308813,1.1329892387211924,alpha-tetralone,1h,-4.19379991898935,2.244783042994133,2.059608200769969,0.9042156513364875,1
johnphos,L26,0.7571061602747036,-0.8331687047519224,-0.42947423483007224,-2.4927953771081492,1.129993478700214,2.065869298359773,-0.5223355934308813,1.1329892387211924,beta-tetralone,1i,-4.649588492277395,2.3386847546061604,1.6739389870447392,0.327171818390467,4
johnphos,L26,0.7571061602747036,-0.8331687047519224,-0.42947423483007224,-2.4927953771081492,1.129993478700214,2.065869298359773,-0.5223355934308813,1.1329892387211924,dicyclohexyl_ketone,1j,-2.1186120270848914,-0.40163468552257264,-2.771876906464647,-2.081173527620791,0
ruphos,L27,5.18395454556825,2.2734633393921873,-2.6981814078120636,0.9871952914882589,0.9978946951909831,0.5169712042562297,0.04912181342628484,3.142299150627253,benzophenone,1a,0.8427101472577334,-0.9394322605525983,-1.36058593386716,1.291462218750346,5
ruphos,L27,5.18395454556825,2.2734633393921873,-2.6981814078120636,0.9871952914882589,0.9978946951909831,0.5169712042562297,0.04912181342628484,3.142299150627253,"4,4'-dimethylbenzophenone",1b,1.8056864484170987,-0.2009679056390166,-1.7881749848607933,1.5998575907070622,3
ruphos,L27,5.18395454556825,2.2734633393921873,-2.6981814078120636,0.9871952914882589,0.9978946951909831,0.5169712042562297,0.04912181342628484,3.142299150627253,"4,4'-dimethoxybenzophenone",1c,5.636770282625896,6.127452924376358,0.8271127102741971,-0.9382093437251607,2
ruphos,L27,5.18395454556825,2.2734633393921873,-2.6981814078120636,0.9871952914882589,0.9978946951909831,0.5169712042562297,0.04912181342628484,3.142299150627253,"4,4'-difluorobenzophenone",1d,1.7968482095098177,-3.145565837437122,1.2285721582026807,2.4471336770955046,6
ruphos,L27,5.18395454556825,2.2734633393921873,-2.6981814078120636,0.9871952914882589,0.9978946951909831,0.5169712042562297,0.04912181342628484,3.142299150627253,acetophenone,1e,1.0132145145263929,-1.1950914581886265,-1.1620572610409168,-0.005309695415745033,2
ruphos,L27,5.18395454556825,2.2734633393921873,-2.6981814078120636,0.9871952914882589,0.9978946951909831,0.5169712042562297,0.04912181342628484,3.142299150627253,"2,2,2-trifluoroacetophenone",1f,1.7241651658306596,-4.481914060561882,3.248229013671938,-2.4461608950508875,64
ruphos,L27,5.18395454556825,2.2734633393921873,-2.6981814078120636,0.9871952914882589,0.9978946951909831,0.5169712042562297,0.04912181342628484,3.142299150627253,cyclohexyl_phenyl_ketone,1g,-1.8573943298159559,-0.34631451407483405,-1.9547659837300082,-1.0989874944672833,3
ruphos,L27,5.18395454556825,2.2734633393921873,-2.6981814078120636,0.9871952914882589,0.9978946951909831,0.5169712042562297,0.04912181342628484,3.142299150627253,alpha-tetralone,1h,-4.19379991898935,2.244783042994133,2.059608200769969,0.9042156513364875,1
ruphos,L27,5.18395454556825,2.2734633393921873,-2.6981814078120636,0.9871952914882589,0.9978946951909831,0.5169712042562297,0.04912181342628484,3.142299150627253,beta-tetralone,1i,-4.649588492277395,2.3386847546061604,1.6739389870447392,0.327171818390467,14
ruphos,L27,5.18395454556825,2.2734633393921873,-2.6981814078120636,0.9871952914882589,0.9978946951909831,0.5169712042562297,0.04912181342628484,3.142299150627253,dicyclohexyl_ketone,1j,-2.1186120270848914,-0.40163468552257264,-2.771876906464647,-2.081173527620791,0
cyjohnphos,L28,-1.4382965481914716,0.23190334152816663,-2.6136531275052737,0.644908997964066,1.790942422464522,0.6682995433570917,0.9090516934245229,3.0538249043384122,benzophenone,1a,0.8427101472577334,-0.9394322605525983,-1.36058593386716,1.291462218750346,6
cyjohnphos,L28,-1.4382965481914716,0.23190334152816663,-2.6136531275052737,0.644908997964066,1.790942422464522,0.6682995433570917,0.9090516934245229,3.0538249043384122,"4,4'-dimethylbenzophenone",1b,1.8056864484170987,-0.2009679056390166,-1.7881749848607933,1.5998575907070622,4
cyjohnphos,L28,-1.4382965481914716,0.23190334152816663,-2.6136531275052737,0.644908997964066,1.790942422464522,0.6682995433570917,0.9090516934245229,3.0538249043384122,"4,4'-dimethoxybenzophenone",1c,5.636770282625896,6.127452924376358,0.8271127102741971,-0.9382093437251607,2
cyjohnphos,L28,-1.4382965481914716,0.23190334152816663,-2.6136531275052737,0.644908997964066,1.790942422464522,0.6682995433570917,0.9090516934245229,3.0538249043384122,"4,4'-difluorobenzophenone",1d,1.7968482095098177,-3.145565837437122,1.2285721582026807,2.4471336770955046,7
cyjohnphos,L28,-1.4382965481914716,0.23190334152816663,-2.6136531275052737,0.644908997964066,1.790942422464522,0.6682995433570917,0.9090516934245229,3.0538249043384122,acetophenone,1e,1.0132145145263929,-1.1950914581886265,-1.1620572610409168,-0.005309695415745033,4
cyjohnphos,L28,-1.4382965481914716,0.23190334152816663,-2.6136531275052737,0.644908997964066,1.790942422464522,0.6682995433570917,0.9090516934245229,3.0538249043384122,"2,2,2-trifluoroacetophenone",1f,1.7241651658306596,-4.481914060561882,3.248229013671938,-2.4461608950508875,62
cyjohnphos,L28,-1.4382965481914716,0.23190334152816663,-2.6136531275052737,0.644908997964066,1.790942422464522,0.6682995433570917,0.9090516934245229,3.0538249043384122,cyclohexyl_phenyl_ketone,1g,-1.8573943298159559,-0.34631451407483405,-1.9547659837300082,-1.0989874944672833,2
cyjohnphos,L28,-1.4382965481914716,0.23190334152816663,-2.6136531275052737,0.644908997964066,1.790942422464522,0.6682995433570917,0.9090516934245229,3.0538249043384122,alpha-tetralone,1h,-4.19379991898935,2.244783042994133,2.059608200769969,0.9042156513364875,2
cyjohnphos,L28,-1.4382965481914716,0.23190334152816663,-2.6136531275052737,0.644908997964066,1.790942422464522,0.6682995433570917,0.9090516934245229,3.0538249043384122,beta-tetralone,1i,-4.649588492277395,2.3386847546061604,1.6739389870447392,0.327171818390467,6
cyjohnphos,L28,-1.4382965481914716,0.23190334152816663,-2.6136531275052737,0.644908997964066,1.790942422464522,0.6682995433570917,0.9090516934245229,3.0538249043384122,dicyclohexyl_ketone,1j,-2.1186120270848914,-0.40163468552257264,-2.771876906464647,-2.081173527620791,0
xphos,L29,-0.1410249748732837,1.0600007426576483,-2.7384329449252243,-0.25654273244325676,2.017068028158422,1.5776796739001646,0.13682751392254755,3.1456268168337433,benzophenone,1a,0.8427101472577334,-0.9394322605525983,-1.36058593386716,1.291462218750346,2
xphos,L29,-0.1410249748732837,1.0600007426576483,-2.7384329449252243,-0.25654273244325676,2.017068028158422,1.5776796739001646,0.13682751392254755,3.1456268168337433,"4,4'-dimethylbenzophenone",1b,1.8056864484170987,-0.2009679056390166,-1.7881749848607933,1.5998575907070622,1
xphos,L29,-0.1410249748732837,1.0600007426576483,-2.7384329449252243,-0.25654273244325676,2.017068028158422,1.5776796739001646,0.13682751392254755,3.1456268168337433,"4,4'-dimethoxybenzophenone",1c,5.636770282625896,6.127452924376358,0.8271127102741971,-0.9382093437251607,2
xphos,L29,-0.1410249748732837,1.0600007426576483,-2.7384329449252243,-0.25654273244325676,2.017068028158422,1.5776796739001646,0.13682751392254755,3.1456268168337433,"4,4'-difluorobenzophenone",1d,1.7968482095098177,-3.145565837437122,1.2285721582026807,2.4471336770955046,3
xphos,L29,-0.1410249748732837,1.0600007426576483,-2.7384329449252243,-0.25654273244325676,2.017068028158422,1.5776796739001646,0.13682751392254755,3.1456268168337433,acetophenone,1e,1.0132145145263929,-1.1950914581886265,-1.1620572610409168,-0.005309695415745033,2
xphos,L29,-0.1410249748732837,1.0600007426576483,-2.7384329449252243,-0.25654273244325676,2.017068028158422,1.5776796739001646,0.13682751392254755,3.1456268168337433,"2,2,2-trifluoroacetophenone",1f,1.7241651658306596,-4.481914060561882,3.248229013671938,-2.4461608950508875,62
xphos,L29,-0.1410249748732837,1.0600007426576483,-2.7384329449252243,-0.25654273244325676,2.017068028158422,1.5776796739001646,0.13682751392254755,3.1456268168337433,cyclohexyl_phenyl_ketone,1g,-1.8573943298159559,-0.34631451407483405,-1.9547659837300082,-1.0989874944672833,1
xphos,L29,-0.1410249748732837,1.0600007426576483,-2.7384329449252243,-0.25654273244325676,2.017068028158422,1.5776796739001646,0.13682751392254755,3.1456268168337433,alpha-tetralone,1h,-4.19379991898935,2.244783042994133,2.059608200769969,0.9042156513364875,1
xphos,L29,-0.1410249748732837,1.0600007426576483,-2.7384329449252243,-0.25654273244325676,2.017068028158422,1.5776796739001646,0.13682751392254755,3.1456268168337433,beta-tetralone,1i,-4.649588492277395,2.3386847546061604,1.6739389870447392,0.327171818390467,5
xphos,L29,-0.1410249748732837,1.0600007426576483,-2.7384329449252243,-0.25654273244325676,2.017068028158422,1.5776796739001646,0.13682751392254755,3.1456268168337433,dicyclohexyl_ketone,1j,-2.1186120270848914,-0.40163468552257264,-2.771876906464647,-2.081173527620791,0
sphos,L30,5.0054512099358925,1.9559709189245165,-2.944565514033814,1.9856882173647878,0.807184350162917,-0.4367033752164304,-0.12991613342144573,2.373031197765973,benzophenone,1a,0.8427101472577334,-0.9394322605525983,-1.36058593386716,1.291462218750346,5
sphos,L30,5.0054512099358925,1.9559709189245165,-2.944565514033814,1.9856882173647878,0.807184350162917,-0.4367033752164304,-0.12991613342144573,2.373031197765973,"4,4'-dimethylbenzophenone",1b,1.8056864484170987,-0.2009679056390166,-1.7881749848607933,1.5998575907070622,2
sphos,L30,5.0054512099358925,1.9559709189245165,-2.944565514033814,1.9856882173647878,0.807184350162917,-0.4367033752164304,-0.12991613342144573,2.373031197765973,"4,4'-dimethoxybenzophenone",1c,5.636770282625896,6.127452924376358,0.8271127102741971,-0.9382093437251607,3
sphos,L30,5.0054512099358925,1.9559709189245165,-2.944565514033814,1.9856882173647878,0.807184350162917,-0.4367033752164304,-0.12991613342144573,2.373031197765973,"4,4'-difluorobenzophenone",1d,1.7968482095098177,-3.145565837437122,1.2285721582026807,2.4471336770955046,10
sphos,L30,5.0054512099358925,1.9559709189245165,-2.944565514033814,1.9856882173647878,0.807184350162917,-0.4367033752164304,-0.12991613342144573,2.373031197765973,acetophenone,1e,1.0132145145263929,-1.1950914581886265,-1.1620572610409168,-0.005309695415745033,4
sphos,L30,5.0054512099358925,1.9559709189245165,-2.944565514033814,1.9856882173647878,0.807184350162917,-0.4367033752164304,-0.12991613342144573,2.373031197765973,"2,2,2-trifluoroacetophenone",1f,1.7241651658306596,-4.481914060561882,3.248229013671938,-2.4461608950508875,86
sphos,L30,5.0054512099358925,1.9559709189245165,-2.944565514033814,1.9856882173647878,0.807184350162917,-0.4367033752164304,-0.12991613342144573,2.373031197765973,cyclohexyl_phenyl_ketone,1g,-1.8573943298159559,-0.34631451407483405,-1.9547659837300082,-1.0989874944672833,1
sphos,L30,5.0054512099358925,1.9559709189245165,-2.944565514033814,1.9856882173647878,0.807184350162917,-0.4367033752164304,-0.12991613342144573,2.373031197765973,alpha-tetralone,1h,-4.19379991898935,2.244783042994133,2.059608200769969,0.9042156513364875,2
sphos,L30,5.0054512099358925,1.9559709189245165,-2.944565514033814,1.9856882173647878,0.807184350162917,-0.4367033752164304,-0.12991613342144573,2.373031197765973,beta-tetralone,1i,-4.649588492277395,2.3386847546061604,1.6739389870447392,0.327171818390467,9
sphos,L30,5.0054512099358925,1.9559709189245165,-2.944565514033814,1.9856882173647878,0.807184350162917,-0.4367033752164304,-0.12991613342144573,2.373031197765973,dicyclohexyl_ketone,1j,-2.1186120270848914,-0.40163468552257264,-2.771876906464647,-2.081173527620791,0
