Ligand_name,Ligand_No,L_mordred_PC_0,L_mordred_PC_1,L_mordred_PC_2,L_mordred_PC_3,L_mordred_PC_4,L_mordred_PC_5,L_mordred_PC_6,Substrate_name,Substrate_No,S_mordred_PC_0,S_mordred_PC_1,S_mordred_PC_2,S_mordred_PC_3,Yield
dppm,L1,-0.03314584705188717,0.4030491500855317,-5.521747241996467,-2.6313167292799697,2.544792340698496,-9.512830932581451,-1.7229690386985543,benzophenone,1a,-2.9527000640217973,-1.6961217281303247,0.5224716890894268,-12.49165420330545,20
dppm,L1,-0.03314584705188717,0.4030491500855317,-5.521747241996467,-2.6313167292799697,2.544792340698496,-9.512830932581451,-1.7229690386985543,"4,4'-dimethylbenzophenone",1b,-17.95550951111908,3.3840298582778043,-2.3530617801951497,-10.414886088004879,9
dppm,L1,-0.03314584705188717,0.4030491500855317,-5.521747241996467,-2.6313167292799697,2.544792340698496,-9.512830932581451,-1.7229690386985543,"4,4'-dimethoxybenzophenone",1c,-30.739913801339036,12.165785246418636,-13.099883356283257,15.490444734733133,7
dppm,L1,-0.03314584705188717,0.4030491500855317,-5.521747241996467,-2.6313167292799697,2.544792340698496,-9.512830932581451,-1.7229690386985543,"4,4'-difluorobenzophenone",1d,-13.293241927230437,16.738357812024635,-10.608398932191994,-6.540067438472761,18
dppm,L1,-0.03314584705188717,0.4030491500855317,-5.521747241996467,-2.6313167292799697,2.544792340698496,-9.512830932581451,-1.7229690386985543,acetophenone,1e,27.902825035766913,-15.63752063527826,-11.516570043788827,2.542203207784653,34
dppm,L1,-0.03314584705188717,0.4030491500855317,-5.521747241996467,-2.6313167292799697,2.544792340698496,-9.512830932581451,-1.7229690386985543,"2,2,2-trifluoroacetophenone",1f,30.803234717728802,37.10484978457756,14.031181409764843,3.2154127084527104,89
dppm,L1,-0.03314584705188717,0.4030491500855317,-5.521747241996467,-2.6313167292799697,2.544792340698496,-9.512830932581451,-1.7229690386985543,cyclohexyl_phenyl_ketone,1g,-7.659585934412119,-8.849565007430195,11.774728090563029,-2.8858797161316287,5
dppm,L1,-0.03314584705188717,0.4030491500855317,-5.521747241996467,-2.6313167292799697,2.544792340698496,-9.512830932581451,-1.7229690386985543,alpha-tetralone,1h,14.86063464025369,-12.871061944517116,-6.218081388223764,3.0857865070109343,3
dppm,L1,-0.03314584705188717,0.4030491500855317,-5.521747241996467,-2.6313167292799697,2.544792340698496,-9.512830932581451,-1.7229690386985543,beta-tetralone,1i,13.963436549482317,-13.284601026863943,-8.718719772165844,1.620466885060106,85
dppm,L1,-0.03314584705188717,0.4030491500855317,-5.521747241996467,-2.6313167292799697,2.544792340698496,-9.512830932581451,-1.7229690386985543,dicyclohexyl_ketone,1j,-14.929179705109254,-17.054152359078785,26.186334083431547,6.378173402873183,0
dppe,L2,0.6136624411615581,0.5309637021891482,-5.017822445055775,-8.229681741057927,1.5262248129882277,-6.822516304247566,-4.251821134888917,benzophenone,1a,-2.9527000640217973,-1.6961217281303247,0.5224716890894268,-12.49165420330545,3
dppe,L2,0.6136624411615581,0.5309637021891482,-5.017822445055775,-8.229681741057927,1.5262248129882277,-6.822516304247566,-4.251821134888917,"4,4'-dimethylbenzophenone",1b,-17.95550951111908,3.3840298582778043,-2.3530617801951497,-10.414886088004879,2
dppe,L2,0.6136624411615581,0.5309637021891482,-5.017822445055775,-8.229681741057927,1.5262248129882277,-6.822516304247566,-4.251821134888917,"4,4'-dimethoxybenzophenone",1c,-30.739913801339036,12.165785246418636,-13.099883356283257,15.490444734733133,1
dppe,L2,0.6136624411615581,0.5309637021891482,-5.017822445055775,-8.229681741057927,1.5262248129882277,-6.822516304247566,-4.251821134888917,"4,4'-difluorobenzophenone",1d,-13.293241927230437,16.738357812024635,-10.608398932191994,-6.540067438472761,3
dppe,L2,0.6136624411615581,0.5309637021891482,-5.017822445055775,-8.229681741057927,1.5262248129882277,-6.822516304247566,-4.251821134888917,acetophenone,1e,27.902825035766913,-15.63752063527826,-11.516570043788827,2.542203207784653,3
dppe,L2,0.6136624411615581,0.5309637021891482,-5.017822445055775,-8.229681741057927,1.5262248129882277,-6.822516304247566,-4.251821134888917,"2,2,2-trifluoroacetophenone",1f,30.803234717728802,37.10484978457756,14.031181409764843,3.2154127084527104,28
dppe,L2,0.6136624411615581,0.5309637021891482,-5.017822445055775,-8.229681741057927,1.5262248129882277,-6.822516304247566,-4.251821134888917,cyclohexyl_phenyl_ketone,1g,-7.659585934412119,-8.849565007430195,11.774728090563029,-2.8858797161316287,1
dppe,L2,0.6136624411615581,0.5309637021891482,-5.017822445055775,-8.229681741057927,1.5262248129882277,-6.822516304247566,-4.251821134888917,alpha-tetralone,1h,14.86063464025369,-12.871061944517116,-6.218081388223764,3.0857865070109343,1
dppe,L2,0.6136624411615579,0.5309637021891481,-5.017822445055775,-8.229681741057929,1.5262248129882277,-6.822516304247566,-4.251821134888917,beta-tetralone,1i,13.963436549482317,-13.284601026863943,-8.718719772165844,1.620466885060106,31
dppe,L2,0.6136624411615581,0.5309637021891482,-5.017822445055775,-8.229681741057927,1.5262248129882277,-6.822516304247566,-4.251821134888917,dicyclohexyl_ketone,1j,-14.929179705109254,-17.054152359078785,26.186334083431547,6.378173402873183,0
dppp,L3,0.8320059188097358,-1.0816940191196025,-6.438379533399984,-8.943919981066953,1.7127791644808408,-2.596886424415254,-3.40668652384084,benzophenone,1a,-2.9527000640217973,-1.6961217281303247,0.5224716890894268,-12.49165420330545,5
dppp,L3,0.8320059188097358,-1.0816940191196025,-6.438379533399984,-8.943919981066953,1.7127791644808408,-2.596886424415254,-3.40668652384084,"4,4'-dimethylbenzophenone",1b,-17.95550951111908,3.3840298582778043,-2.3530617801951497,-10.414886088004879,1
dppp,L3,0.8320059188097358,-1.0816940191196025,-6.438379533399984,-8.943919981066953,1.7127791644808408,-2.596886424415254,-3.40668652384084,"4,4'-dimethoxybenzophenone",1c,-30.739913801339036,12.165785246418636,-13.099883356283257,15.490444734733133,1
dppp,L3,0.8320059188097358,-1.0816940191196025,-6.438379533399984,-8.943919981066953,1.7127791644808408,-2.596886424415254,-3.40668652384084,"4,4'-difluorobenzophenone",1d,-13.293241927230437,16.738357812024635,-10.608398932191994,-6.540067438472761,3
dppp,L3,0.8320059188097358,-1.0816940191196025,-6.438379533399984,-8.943919981066953,1.7127791644808408,-2.596886424415254,-3.40668652384084,acetophenone,1e,27.902825035766913,-15.63752063527826,-11.516570043788827,2.542203207784653,3
dppp,L3,0.8320059188097358,-1.0816940191196025,-6.438379533399984,-8.943919981066953,1.7127791644808408,-2.596886424415254,-3.40668652384084,"2,2,2-trifluoroacetophenone",1f,30.803234717728802,37.10484978457756,14.031181409764843,3.2154127084527104,16
dppp,L3,0.8320059188097358,-1.0816940191196025,-6.438379533399984,-8.943919981066953,1.7127791644808408,-2.596886424415254,-3.40668652384084,cyclohexyl_phenyl_ketone,1g,-7.659585934412119,-8.849565007430195,11.774728090563029,-2.8858797161316287,3
dppp,L3,0.8320059188097358,-1.0816940191196025,-6.438379533399984,-8.943919981066953,1.7127791644808408,-2.596886424415254,-3.40668652384084,alpha-tetralone,1h,14.86063464025369,-12.871061944517116,-6.218081388223764,3.0857865070109343,4
dppp,L3,0.8320059188097358,-1.0816940191196025,-6.438379533399984,-8.943919981066953,1.7127791644808408,-2.596886424415254,-3.40668652384084,beta-tetralone,1i,13.963436549482317,-13.284601026863943,-8.718719772165844,1.620466885060106,2
dppp,L3,0.8320059188097358,-1.0816940191196025,-6.438379533399984,-8.943919981066953,1.7127791644808408,-2.596886424415254,-3.40668652384084,dicyclohexyl_ketone,1j,-14.929179705109254,-17.054152359078785,26.186334083431547,6.378173402873183,0
dppb,L4,0.10491910840758786,-3.0734394166283923,-6.879613571369648,-8.01487741654639,1.1616917086989966,-1.5337274649388886,-3.6324288058686096,benzophenone,1a,-2.9527000640217973,-1.6961217281303247,0.5224716890894268,-12.49165420330545,93
dppb,L4,0.10491910840758786,-3.0734394166283923,-6.879613571369648,-8.01487741654639,1.1616917086989966,-1.5337274649388886,-3.6324288058686096,"4,4'-dimethylbenzophenone",1b,-17.95550951111908,3.3840298582778043,-2.3530617801951497,-10.414886088004879,90
dppb,L4,0.10491910840758786,-3.0734394166283923,-6.879613571369648,-8.01487741654639,1.1616917086989966,-1.5337274649388886,-3.6324288058686096,"4,4'-dimethoxybenzophenone",1c,-30.739913801339036,12.165785246418636,-13.099883356283257,15.490444734733133,95
dppb,L4,0.10491910840758786,-3.0734394166283923,-6.879613571369648,-8.01487741654639,1.1616917086989966,-1.5337274649388886,-3.6324288058686096,"4,4'-difluorobenzophenone",1d,-13.293241927230437,16.738357812024635,-10.608398932191994,-6.540067438472761,94
dppb,L4,0.10491910840758786,-3.0734394166283923,-6.879613571369648,-8.01487741654639,1.1616917086989966,-1.5337274649388886,-3.6324288058686096,acetophenone,1e,27.902825035766913,-15.63752063527826,-11.516570043788827,2.542203207784653,80
dppb,L4,0.10491910840758786,-3.0734394166283923,-6.879613571369648,-8.01487741654639,1.1616917086989966,-1.5337274649388886,-3.6324288058686096,"2,2,2-trifluoroacetophenone",1f,30.803234717728802,37.10484978457756,14.031181409764843,3.2154127084527104,86
dppb,L4,0.10491910840758786,-3.0734394166283923,-6.879613571369648,-8.01487741654639,1.1616917086989966,-1.5337274649388886,-3.6324288058686096,cyclohexyl_phenyl_ketone,1g,-7.659585934412119,-8.849565007430195,11.774728090563029,-2.8858797161316287,98
dppb,L4,0.10491910840758917,-3.0734394166283927,-6.879613571369649,-8.01487741654639,1.1616917086989966,-1.5337274649388886,-3.6324288058686096,alpha-tetralone,1h,14.86063464025369,-12.871061944517116,-6.218081388223764,3.0857865070109343,5
dppb,L4,0.10491910840758786,-3.0734394166283923,-6.879613571369648,-8.01487741654639,1.1616917086989966,-1.5337274649388886,-3.6324288058686096,beta-tetralone,1i,13.963436549482317,-13.284601026863943,-8.718719772165844,1.620466885060106,84
dppb,L4,0.10491910840758786,-3.0734394166283923,-6.879613571369648,-8.01487741654639,1.1616917086989966,-1.5337274649388886,-3.6324288058686096,dicyclohexyl_ketone,1j,-14.929179705109254,-17.054152359078785,26.186334083431547,6.378173402873183,17
dppbz,L5,-10.444092958438548,0.47232005560734447,-9.187425060227337,-3.1304372894747132,3.4338723469369956,-3.889930093599981,-0.5208493322366163,benzophenone,1a,-2.9527000640217973,-1.6961217281303247,0.5224716890894268,-12.49165420330545,4
dppbz,L5,-10.444092958438548,0.47232005560734447,-9.187425060227337,-3.1304372894747132,3.4338723469369956,-3.889930093599981,-0.5208493322366163,"4,4'-dimethylbenzophenone",1b,-17.95550951111908,3.3840298582778043,-2.3530617801951497,-10.414886088004879,3
dppbz,L5,-10.444092958438548,0.47232005560734447,-9.187425060227337,-3.1304372894747132,3.4338723469369956,-3.889930093599981,-0.5208493322366163,"4,4'-dimethoxybenzophenone",1c,-30.739913801339036,12.165785246418636,-13.099883356283257,15.490444734733133,7
dppbz,L5,-10.444092958438548,0.47232005560734447,-9.187425060227337,-3.1304372894747132,3.4338723469369956,-3.889930093599981,-0.5208493322366163,"4,4'-difluorobenzophenone",1d,-13.293241927230437,16.738357812024635,-10.608398932191994,-6.540067438472761,6
dppbz,L5,-10.444092958438548,0.47232005560734447,-9.187425060227337,-3.1304372894747132,3.4338723469369956,-3.889930093599981,-0.5208493322366163,acetophenone,1e,27.902825035766913,-15.63752063527826,-11.516570043788827,2.542203207784653,3
dppbz,L5,-10.444092958438548,0.47232005560734447,-9.187425060227337,-3.1304372894747132,3.4338723469369956,-3.889930093599981,-0.5208493322366163,"2,2,2-trifluoroacetophenone",1f,30.803234717728802,37.10484978457756,14.031181409764843,3.2154127084527104,36
dppbz,L5,-10.444092958438548,0.47232005560734447,-9.187425060227337,-3.1304372894747132,3.4338723469369956,-3.889930093599981,-0.5208493322366163,cyclohexyl_phenyl_ketone,1g,-7.659585934412119,-8.849565007430195,11.774728090563029,-2.8858797161316287,2
dppbz,L5,-10.444092958438548,0.47232005560734447,-9.187425060227337,-3.1304372894747132,3.4338723469369956,-3.889930093599981,-0.5208493322366163,alpha-tetralone,1h,14.86063464025369,-12.871061944517116,-6.218081388223764,3.0857865070109343,1
dppbz,L5,-10.444092958438548,0.47232005560734447,-9.187425060227337,-3.1304372894747132,3.4338723469369956,-3.889930093599981,-0.5208493322366163,beta-tetralone,1i,13.963436549482317,-13.284601026863943,-8.718719772165844,1.620466885060106,12
dppbz,L5,-10.444092958438548,0.47232005560734447,-9.187425060227337,-3.1304372894747132,3.4338723469369956,-3.889930093599981,-0.5208493322366163,dicyclohexyl_ketone,1j,-14.929179705109254,-17.054152359078785,26.186334083431547,6.378173402873183,0
"2,2'-bis(diphenylphosphino)biphenyl",L6,-19.501306039996695,-0.8651471402868314,-8.803171508626182,-4.440352988442606,3.590351542911698,-2.4415515897702083,-0.7818006696442453,benzophenone,1a,-2.9527000640217973,-1.6961217281303247,0.5224716890894268,-12.49165420330545,25
"2,2'-bis(diphenylphosphino)biphenyl",L6,-19.501306039996695,-0.8651471402868314,-8.803171508626182,-4.440352988442606,3.590351542911698,-2.4415515897702083,-0.7818006696442453,"4,4'-dimethylbenzophenone",1b,-17.95550951111908,3.3840298582778043,-2.3530617801951497,-10.414886088004879,13
"2,2'-bis(diphenylphosphino)biphenyl",L6,-19.501306039996695,-0.8651471402868314,-8.803171508626182,-4.440352988442606,3.590351542911698,-2.4415515897702083,-0.7818006696442453,"4,4'-dimethoxybenzophenone",1c,-30.739913801339036,12.165785246418636,-13.099883356283257,15.490444734733133,10
"2,2'-bis(diphenylphosphino)biphenyl",L6,-19.501306039996695,-0.8651471402868314,-8.803171508626182,-4.440352988442606,3.590351542911698,-2.4415515897702083,-0.7818006696442453,"4,4'-difluorobenzophenone",1d,-13.293241927230437,16.738357812024635,-10.608398932191994,-6.540067438472761,51
"2,2'-bis(diphenylphosphino)biphenyl",L6,-19.501306039996695,-0.8651471402868314,-8.803171508626182,-4.440352988442606,3.590351542911698,-2.4415515897702083,-0.7818006696442453,acetophenone,1e,27.902825035766913,-15.63752063527826,-11.516570043788827,2.542203207784653,21
"2,2'-bis(diphenylphosphino)biphenyl",L6,-19.501306039996695,-0.8651471402868314,-8.803171508626182,-4.440352988442606,3.590351542911698,-2.4415515897702083,-0.7818006696442453,"2,2,2-trifluoroacetophenone",1f,30.803234717728802,37.10484978457756,14.031181409764843,3.2154127084527104,96
"2,2'-bis(diphenylphosphino)biphenyl",L6,-19.501306039996695,-0.8651471402868312,-8.803171508626182,-4.440352988442606,3.590351542911698,-2.4415515897702083,-0.7818006696442453,cyclohexyl_phenyl_ketone,1g,-7.659585934412119,-8.849565007430195,11.774728090563029,-2.8858797161316287,11
"2,2'-bis(diphenylphosphino)biphenyl",L6,-19.501306039996695,-0.8651471402868314,-8.803171508626182,-4.440352988442606,3.590351542911698,-2.4415515897702083,-0.7818006696442453,alpha-tetralone,1h,14.86063464025369,-12.871061944517116,-6.218081388223764,3.0857865070109343,13
"2,2'-bis(diphenylphosphino)biphenyl",L6,-19.501306039996695,-0.8651471402868314,-8.803171508626182,-4.440352988442606,3.590351542911698,-2.4415515897702083,-0.7818006696442453,beta-tetralone,1i,13.963436549482317,-13.284601026863943,-8.718719772165844,1.620466885060106,95
"2,2'-bis(diphenylphosphino)biphenyl",L6,-19.501306039996695,-0.8651471402868314,-8.803171508626182,-4.440352988442606,3.590351542911698,-2.4415515897702083,-0.7818006696442453,dicyclohexyl_ketone,1j,-14.929179705109254,-17.054152359078785,26.186334083431547,6.378173402873183,3
"1,8-bis(diphenylphosphino)naphthalene",L7,-19.113644327495443,-0.356789492802389,-8.386330270413966,-2.1077070223826007,4.97502799691377,-4.496262971497513,2.315305032596266,benzophenone,1a,-2.9527000640217973,-1.6961217281303247,0.5224716890894268,-12.49165420330545,31
"1,8-bis(diphenylphosphino)naphthalene",L7,-19.113644327495443,-0.356789492802389,-8.386330270413966,-2.1077070223826007,4.97502799691377,-4.496262971497513,2.315305032596266,"4,4'-dimethylbenzophenone",1b,-17.95550951111908,3.3840298582778043,-2.3530617801951497,-10.414886088004879,6
"1,8-bis(diphenylphosphino)naphthalene",L7,-19.113644327495443,-0.356789492802389,-8.386330270413966,-2.1077070223826007,4.97502799691377,-4.496262971497513,2.315305032596266,"4,4'-dimethoxybenzophenone",1c,-30.739913801339036,12.165785246418636,-13.099883356283257,15.490444734733133,4
"1,8-bis(diphenylphosphino)naphthalene",L7,-19.113644327495443,-0.356789492802389,-8.386330270413966,-2.1077070223826007,4.97502799691377,-4.496262971497513,2.315305032596266,"4,4'-difluorobenzophenone",1d,-13.293241927230437,16.738357812024635,-10.608398932191994,-6.540067438472761,17
"1,8-bis(diphenylphosphino)naphthalene",L7,-19.113644327495443,-0.356789492802389,-8.386330270413966,-2.1077070223826007,4.97502799691377,-4.496262971497513,2.315305032596266,acetophenone,1e,27.902825035766913,-15.63752063527826,-11.516570043788827,2.542203207784653,14
"1,8-bis(diphenylphosphino)naphthalene",L7,-19.113644327495443,-0.356789492802389,-8.386330270413966,-2.1077070223826007,4.97502799691377,-4.496262971497513,2.315305032596266,"2,2,2-trifluoroacetophenone",1f,30.803234717728802,37.10484978457756,14.031181409764843,3.2154127084527104,73
"1,8-bis(diphenylphosphino)naphthalene",L7,-19.113644327495443,-0.356789492802389,-8.386330270413966,-2.1077070223826007,4.97502799691377,-4.496262971497513,2.315305032596266,cyclohexyl_phenyl_ketone,1g,-7.659585934412119,-8.849565007430195,11.774728090563029,-2.8858797161316287,5
"1,8-bis(diphenylphosphino)naphthalene",L7,-19.113644327495443,-0.356789492802389,-8.386330270413966,-2.1077070223826007,4.97502799691377,-4.496262971497513,2.315305032596266,alpha-tetralone,1h,14.86063464025369,-12.871061944517116,-6.218081388223764,3.0857865070109343,7
"1,8-bis(diphenylphosphino)naphthalene",L7,-19.113644327495443,-0.356789492802389,-8.386330270413966,-2.1077070223826007,4.97502799691377,-4.496262971497513,2.315305032596266,beta-tetralone,1i,13.963436549482317,-13.284601026863943,-8.718719772165844,1.620466885060106,36
"1,8-bis(diphenylphosphino)naphthalene",L7,-19.113644327495443,-0.356789492802389,-8.386330270413966,-2.1077070223826007,4.97502799691377,-4.496262971497513,2.315305032596266,dicyclohexyl_ketone,1j,-14.929179705109254,-17.054152359078785,26.186334083431547,6.378173402873183,0
bis[2-(diphenylphosphino)phenyl]_ether,L8,-19.739459680997577,0.6616791471472379,-7.035746493317039,-2.6248827157787824,3.7688174875933607,-0.5214532937852427,-1.9739679724494072,benzophenone,1a,-2.9527000640217973,-1.6961217281303247,0.5224716890894268,-12.49165420330545,99
bis[2-(diphenylphosphino)phenyl]_ether,L8,-19.739459680997577,0.6616791471472379,-7.035746493317039,-2.6248827157787824,3.7688174875933607,-0.5214532937852427,-1.9739679724494072,"4,4'-dimethylbenzophenone",1b,-17.95550951111908,3.3840298582778043,-2.3530617801951497,-10.414886088004879,99
bis[2-(diphenylphosphino)phenyl]_ether,L8,-19.739459680997577,0.6616791471472379,-7.035746493317039,-2.6248827157787824,3.7688174875933607,-0.5214532937852427,-1.9739679724494072,"4,4'-dimethoxybenzophenone",1c,-30.739913801339036,12.165785246418636,-13.099883356283257,15.490444734733133,85
bis[2-(diphenylphosphino)phenyl]_ether,L8,-19.739459680997577,0.6616791471472379,-7.035746493317039,-2.6248827157787824,3.7688174875933607,-0.5214532937852427,-1.9739679724494072,"4,4'-difluorobenzophenone",1d,-13.293241927230437,16.738357812024635,-10.608398932191994,-6.540067438472761,99
bis[2-(diphenylphosphino)phenyl]_ether,L8,-19.739459680997577,0.6616791471472379,-7.035746493317039,-2.6248827157787824,3.7688174875933607,-0.5214532937852427,-1.9739679724494072,acetophenone,1e,27.902825035766913,-15.63752063527826,-11.516570043788827,2.542203207784653,86
bis[2-(diphenylphosphino)phenyl]_ether,L8,-19.739459680997573,0.6616791471472392,-7.035746493317041,-2.624882715778782,3.7688174875933607,-0.5214532937852427,-1.9739679724494072,"2,2,2-trifluoroacetophenone",1f,30.803234717728802,37.10484978457756,14.031181409764843,3.2154127084527104,91
bis[2-(diphenylphosphino)phenyl]_ether,L8,-19.739459680997577,0.6616791471472379,-7.035746493317039,-2.6248827157787824,3.7688174875933607,-0.5214532937852427,-1.9739679724494072,cyclohexyl_phenyl_ketone,1g,-7.659585934412119,-8.849565007430195,11.774728090563029,-2.8858797161316287,98
bis[2-(diphenylphosphino)phenyl]_ether,L8,-19.739459680997577,0.6616791471472379,-7.035746493317039,-2.6248827157787824,3.7688174875933607,-0.5214532937852427,-1.9739679724494072,alpha-tetralone,1h,14.86063464025369,-12.871061944517116,-6.218081388223764,3.0857865070109343,39
bis[2-(diphenylphosphino)phenyl]_ether,L8,-19.739459680997577,0.6616791471472379,-7.035746493317039,-2.6248827157787824,3.7688174875933607,-0.5214532937852427,-1.9739679724494072,beta-tetralone,1i,13.963436549482317,-13.284601026863943,-8.718719772165844,1.620466885060106,94
bis[2-(diphenylphosphino)phenyl]_ether,L8,-19.739459680997577,0.6616791471472379,-7.035746493317039,-2.6248827157787824,3.7688174875933607,-0.5214532937852427,-1.9739679724494072,dicyclohexyl_ketone,1j,-14.929179705109254,-17.054152359078785,26.186334083431547,6.378173402873183,18
xantphos,L9,-32.25573122899418,-0.7113282801638315,-1.4933360133707703,-2.8465968296895126,1.7215047471833649,0.8875838404562169,1.3661336469847614,benzophenone,1a,-2.9527000640217973,-1.6961217281303247,0.5224716890894268,-12.49165420330545,96
xantphos,L9,-32.25573122899418,-0.7113282801638315,-1.4933360133707703,-2.8465968296895126,1.7215047471833649,0.8875838404562169,1.3661336469847614,"4,4'-dimethylbenzophenone",1b,-17.95550951111908,3.3840298582778043,-2.3530617801951497,-10.414886088004879,99
xantphos,L9,-32.25573122899418,-0.7113282801638315,-1.4933360133707703,-2.8465968296895126,1.7215047471833649,0.8875838404562169,1.3661336469847614,"4,4'-dimethoxybenzophenone",1c,-30.739913801339036,12.165785246418636,-13.099883356283257,15.490444734733133,88
xantphos,L9,-32.25573122899418,-0.7113282801638315,-1.4933360133707703,-2.8465968296895126,1.7215047471833649,0.8875838404562169,1.3661336469847614,"4,4'-difluorobenzophenone",1d,-13.293241927230437,16.738357812024635,-10.608398932191994,-6.540067438472761,99
xantphos,L9,-32.25573122899418,-0.7113282801638315,-1.4933360133707703,-2.8465968296895126,1.7215047471833649,0.8875838404562169,1.3661336469847614,acetophenone,1e,27.902825035766913,-15.63752063527826,-11.516570043788827,2.542203207784653,70
xantphos,L9,-32.25573122899418,-0.7113282801638315,-1.4933360133707703,-2.8465968296895126,1.7215047471833649,0.8875838404562169,1.3661336469847614,"2,2,2-trifluoroacetophenone",1f,30.803234717728802,37.10484978457756,14.031181409764843,3.2154127084527104,90
xantphos,L9,-32.25573122899418,-0.7113282801638315,-1.4933360133707703,-2.8465968296895126,1.7215047471833649,0.8875838404562169,1.3661336469847614,cyclohexyl_phenyl_ketone,1g,-7.659585934412119,-8.849565007430195,11.774728090563029,-2.8858797161316287,96
xantphos,L9,-32.25573122899418,-0.7113282801638315,-1.4933360133707703,-2.8465968296895126,1.7215047471833649,0.8875838404562169,1.3661336469847614,alpha-tetralone,1h,14.86063464025369,-12.871061944517116,-6.218081388223764,3.0857865070109343,19
xantphos,L9,-32.25573122899418,-0.7113282801638315,-1.4933360133707703,-2.8465968296895126,1.7215047471833649,0.8875838404562169,1.3661336469847614,beta-tetralone,1i,13.963436549482317,-13.284601026863943,-8.718719772165844,1.620466885060106,96
xantphos,L9,-32.25573122899418,-0.7113282801638315,-1.4933360133707703,-2.8465968296895126,1.7215047471833649,0.8875838404562169,1.3661336469847614,dicyclohexyl_ketone,1j,-14.929179705109254,-17.054152359078785,26.186334083431547,6.378173402873183,27
"1,3-bis[(di-tert-butylphosphino)oxy]benzene",L10,4.036134398351279,-12.435195342101299,37.98874937269706,-9.891829765174432,15.797447398117932,6.092509668859807,-8.143246034617059,benzophenone,1a,-2.9527000640217973,-1.6961217281303247,0.5224716890894268,-12.49165420330545,3
"1,3-bis[(di-tert-butylphosphino)oxy]benzene",L10,4.036134398351279,-12.435195342101299,37.98874937269706,-9.891829765174432,15.797447398117932,6.092509668859807,-8.143246034617059,"4,4'-dimethylbenzophenone",1b,-17.95550951111908,3.3840298582778043,-2.3530617801951497,-10.414886088004879,2
"1,3-bis[(di-tert-butylphosphino)oxy]benzene",L10,4.036134398351279,-12.435195342101299,37.98874937269706,-9.891829765174432,15.797447398117932,6.092509668859807,-8.143246034617059,"4,4'-dimethoxybenzophenone",1c,-30.739913801339036,12.165785246418636,-13.099883356283257,15.490444734733133,1
"1,3-bis[(di-tert-butylphosphino)oxy]benzene",L10,4.036134398351279,-12.435195342101299,37.98874937269706,-9.891829765174432,15.797447398117932,6.092509668859807,-8.143246034617059,"4,4'-difluorobenzophenone",1d,-13.293241927230437,16.738357812024635,-10.608398932191994,-6.540067438472761,3
"1,3-bis[(di-tert-butylphosphino)oxy]benzene",L10,4.0361343983512805,-12.435195342101299,37.98874937269706,-9.89182976517443,15.797447398117932,6.092509668859807,-8.143246034617059,acetophenone,1e,27.902825035766913,-15.63752063527826,-11.516570043788827,2.542203207784653,4
"1,3-bis[(di-tert-butylphosphino)oxy]benzene",L10,4.036134398351279,-12.435195342101299,37.98874937269706,-9.891829765174432,15.797447398117932,6.092509668859807,-8.143246034617059,"2,2,2-trifluoroacetophenone",1f,30.803234717728802,37.10484978457756,14.031181409764843,3.2154127084527104,76
"1,3-bis[(di-tert-butylphosphino)oxy]benzene",L10,4.036134398351279,-12.435195342101299,37.98874937269706,-9.891829765174432,15.797447398117932,6.092509668859807,-8.143246034617059,cyclohexyl_phenyl_ketone,1g,-7.659585934412119,-8.849565007430195,11.774728090563029,-2.8858797161316287,2
"1,3-bis[(di-tert-butylphosphino)oxy]benzene",L10,4.036134398351279,-12.435195342101299,37.98874937269706,-9.891829765174432,15.797447398117932,6.092509668859807,-8.143246034617059,alpha-tetralone,1h,14.86063464025369,-12.871061944517116,-6.218081388223764,3.0857865070109343,1
"1,3-bis[(di-tert-butylphosphino)oxy]benzene",L10,4.036134398351279,-12.435195342101299,37.98874937269706,-9.891829765174432,15.797447398117932,6.092509668859807,-8.143246034617059,beta-tetralone,1i,13.963436549482317,-13.284601026863943,-8.718719772165844,1.620466885060106,0
"1,3-bis[(di-tert-butylphosphino)oxy]benzene",L10,4.036134398351279,-12.435195342101299,37.98874937269706,-9.891829765174432,15.797447398117932,6.092509668859807,-8.143246034617059,dicyclohexyl_ketone,1j,-14.929179705109254,-17.054152359078785,26.186334083431547,6.378173402873183,0
dppf,L11,-7.223837503972833,5.660627700140058,-12.850149139206412,-9.475298253240053,13.62716703691218,12.064440406622218,-10.94392212969974,benzophenone,1a,-2.9527000640217973,-1.6961217281303247,0.5224716890894268,-12.49165420330545,93
dppf,L11,-7.223837503972833,5.660627700140058,-12.850149139206412,-9.475298253240053,13.62716703691218,12.064440406622218,-10.94392212969974,"4,4'-dimethylbenzophenone",1b,-17.95550951111908,3.3840298582778043,-2.3530617801951497,-10.414886088004879,95
dppf,L11,-7.223837503972833,5.660627700140058,-12.850149139206412,-9.475298253240053,13.62716703691218,12.064440406622218,-10.94392212969974,"4,4'-dimethoxybenzophenone",1c,-30.739913801339036,12.165785246418636,-13.099883356283257,15.490444734733133,91
dppf,L11,-7.223837503972833,5.660627700140058,-12.850149139206412,-9.475298253240053,13.62716703691218,12.064440406622218,-10.94392212969974,"4,4'-difluorobenzophenone",1d,-13.293241927230437,16.738357812024635,-10.608398932191994,-6.540067438472761,88
dppf,L11,-7.223837503972833,5.660627700140058,-12.850149139206412,-9.475298253240053,13.62716703691218,12.064440406622218,-10.94392212969974,acetophenone,1e,27.902825035766913,-15.63752063527826,-11.516570043788827,2.542203207784653,80
dppf,L11,-7.223837503972833,5.660627700140058,-12.850149139206412,-9.475298253240053,13.62716703691218,12.064440406622218,-10.94392212969974,"2,2,2-trifluoroacetophenone",1f,30.803234717728802,37.10484978457756,14.031181409764843,3.2154127084527104,86
dppf,L11,-7.223837503972833,5.660627700140058,-12.850149139206412,-9.475298253240053,13.62716703691218,12.064440406622218,-10.94392212969974,cyclohexyl_phenyl_ketone,1g,-7.659585934412119,-8.849565007430195,11.774728090563029,-2.8858797161316287,93
dppf,L11,-7.223837503972833,5.660627700140058,-12.850149139206412,-9.475298253240053,13.62716703691218,12.064440406622218,-10.94392212969974,alpha-tetralone,1h,14.86063464025369,-12.871061944517116,-6.218081388223764,3.0857865070109343,15
dppf,L11,-7.223837503972833,5.660627700140058,-12.850149139206412,-9.475298253240053,13.62716703691218,12.064440406622218,-10.94392212969974,beta-tetralone,1i,13.963436549482317,-13.284601026863943,-8.718719772165844,1.620466885060106,95
dppf,L11,-7.223837503972833,5.660627700140058,-12.850149139206412,-9.475298253240053,13.62716703691218,12.064440406622218,-10.94392212969974,dicyclohexyl_ketone,1j,-14.929179705109254,-17.054152359078785,26.186334083431547,6.378173402873183,18
triphenylphosphine,L12,14.747217841434964,2.9348245128245383,-8.979579813184975,0.017682792570470868,3.93955153335316,-3.1229570572854617,2.1801958911292165,benzophenone,1a,-2.9527000640217973,-1.6961217281303247,0.5224716890894268,-12.49165420330545,85
triphenylphosphine,L12,14.747217841434964,2.9348245128245383,-8.979579813184975,0.017682792570470868,3.93955153335316,-3.1229570572854617,2.1801958911292165,"4,4'-dimethylbenzophenone",1b,-17.95550951111908,3.3840298582778043,-2.3530617801951497,-10.414886088004879,57
triphenylphosphine,L12,14.747217841434964,2.9348245128245383,-8.979579813184975,0.017682792570470868,3.93955153335316,-3.1229570572854617,2.1801958911292165,"4,4'-dimethoxybenzophenone",1c,-30.739913801339036,12.165785246418636,-13.099883356283257,15.490444734733133,31
triphenylphosphine,L12,14.747217841434967,2.934824512824539,-8.979579813184975,0.017682792570470507,3.93955153335316,-3.1229570572854617,2.1801958911292165,"4,4'-difluorobenzophenone",1d,-13.293241927230437,16.738357812024635,-10.608398932191994,-6.540067438472761,96
triphenylphosphine,L12,14.747217841434964,2.9348245128245383,-8.979579813184975,0.017682792570470868,3.93955153335316,-3.1229570572854617,2.1801958911292165,acetophenone,1e,27.902825035766913,-15.63752063527826,-11.516570043788827,2.542203207784653,46
triphenylphosphine,L12,14.747217841434964,2.9348245128245383,-8.979579813184975,0.017682792570470868,3.93955153335316,-3.1229570572854617,2.1801958911292165,"2,2,2-trifluoroacetophenone",1f,30.803234717728802,37.10484978457756,14.031181409764843,3.2154127084527104,88
triphenylphosphine,L12,14.747217841434964,2.9348245128245383,-8.979579813184975,0.017682792570470868,3.93955153335316,-3.1229570572854617,2.1801958911292165,cyclohexyl_phenyl_ketone,1g,-7.659585934412119,-8.849565007430195,11.774728090563029,-2.8858797161316287,58
triphenylphosphine,L12,14.747217841434964,2.9348245128245383,-8.979579813184975,0.017682792570470868,3.93955153335316,-3.1229570572854617,2.1801958911292165,alpha-tetralone,1h,14.86063464025369,-12.871061944517116,-6.218081388223764,3.0857865070109343,26
triphenylphosphine,L12,14.747217841434964,2.9348245128245383,-8.979579813184975,0.017682792570470868,3.93955153335316,-3.1229570572854617,2.1801958911292165,beta-tetralone,1i,13.963436549482317,-13.284601026863943,-8.718719772165844,1.620466885060106,93
triphenylphosphine,L12,14.747217841434964,2.9348245128245383,-8.979579813184975,0.017682792570470868,3.93955153335316,-3.1229570572854617,2.1801958911292165,dicyclohexyl_ketone,1j,-14.929179705109254,-17.054152359078785,26.186334083431547,6.378173402873183,4
tri(p-tolyl)phosphine,L13,7.251363692656042,1.295499184873247,-0.6221850008666651,1.0266674943680758,-1.6992149316122194,-8.038952044867045,4.240478723403031,benzophenone,1a,-2.9527000640217973,-1.6961217281303247,0.5224716890894268,-12.49165420330545,84
tri(p-tolyl)phosphine,L13,7.251363692656042,1.295499184873247,-0.6221850008666651,1.0266674943680758,-1.6992149316122194,-8.038952044867045,4.240478723403031,"4,4'-dimethylbenzophenone",1b,-17.95550951111908,3.3840298582778043,-2.3530617801951497,-10.414886088004879,54
tri(p-tolyl)phosphine,L13,7.251363692656042,1.295499184873247,-0.6221850008666651,1.0266674943680758,-1.6992149316122194,-8.038952044867045,4.240478723403031,"4,4'-dimethoxybenzophenone",1c,-30.739913801339036,12.165785246418636,-13.099883356283257,15.490444734733133,34
tri(p-tolyl)phosphine,L13,7.251363692656042,1.295499184873247,-0.6221850008666651,1.0266674943680758,-1.6992149316122194,-8.038952044867045,4.240478723403031,"4,4'-difluorobenzophenone",1d,-13.293241927230437,16.738357812024635,-10.608398932191994,-6.540067438472761,96
tri(p-tolyl)phosphine,L13,7.251363692656042,1.295499184873247,-0.6221850008666651,1.0266674943680758,-1.6992149316122194,-8.038952044867045,4.240478723403031,acetophenone,1e,27.902825035766913,-15.63752063527826,-11.516570043788827,2.542203207784653,48
tri(p-tolyl)phosphine,L13,7.251363692656042,1.295499184873247,-0.6221850008666651,1.0266674943680758,-1.6992149316122194,-8.038952044867045,4.240478723403031,"2,2,2-trifluoroacetophenone",1f,30.803234717728802,37.10484978457756,14.031181409764843,3.2154127084527104,88
tri(p-tolyl)phosphine,L13,7.251363692656042,1.295499184873247,-0.6221850008666651,1.0266674943680758,-1.6992149316122194,-8.038952044867045,4.240478723403031,cyclohexyl_phenyl_ketone,1g,-7.659585934412119,-8.849565007430195,11.774728090563029,-2.8858797161316287,53
tri(p-tolyl)phosphine,L13,7.251363692656042,1.295499184873247,-0.6221850008666651,1.0266674943680758,-1.6992149316122194,-8.038952044867045,4.240478723403031,alpha-tetralone,1h,14.86063464025369,-12.871061944517116,-6.218081388223764,3.0857865070109343,22
tri(p-tolyl)phosphine,L13,7.251363692656042,1.295499184873247,-0.6221850008666651,1.0266674943680758,-1.6992149316122194,-8.038952044867045,4.240478723403031,beta-tetralone,1i,13.963436549482317,-13.284601026863943,-8.718719772165844,1.620466885060106,98
tri(p-tolyl)phosphine,L13,7.251363692656042,1.295499184873247,-0.6221850008666651,1.0266674943680758,-1.6992149316122194,-8.038952044867045,4.240478723403031,dicyclohexyl_ketone,1j,-14.929179705109254,-17.054152359078785,26.186334083431547,6.378173402873183,3
tri(m-tolyl)phosphine,L14,7.5348351895597,-2.3697512208113998,1.304604798226024,5.887956433914567,5.4110319651574885,-5.707009044444943,9.487857055024268,benzophenone,1a,-2.9527000640217973,-1.6961217281303247,0.5224716890894268,-12.49165420330545,92
tri(m-tolyl)phosphine,L14,7.5348351895597,-2.3697512208113998,1.304604798226024,5.887956433914567,5.4110319651574885,-5.707009044444943,9.487857055024268,"4,4'-dimethylbenzophenone",1b,-17.95550951111908,3.3840298582778043,-2.3530617801951497,-10.414886088004879,68
tri(m-tolyl)phosphine,L14,7.534835189559701,-2.3697512208113998,1.3046047982260236,5.887956433914568,5.4110319651574885,-5.707009044444943,9.487857055024268,"4,4'-dimethoxybenzophenone",1c,-30.739913801339036,12.165785246418636,-13.099883356283257,15.490444734733133,45
tri(m-tolyl)phosphine,L14,7.5348351895597,-2.3697512208113998,1.304604798226024,5.887956433914567,5.4110319651574885,-5.707009044444943,9.487857055024268,"4,4'-difluorobenzophenone",1d,-13.293241927230437,16.738357812024635,-10.608398932191994,-6.540067438472761,94
tri(m-tolyl)phosphine,L14,7.5348351895597,-2.3697512208113998,1.304604798226024,5.887956433914567,5.4110319651574885,-5.707009044444943,9.487857055024268,acetophenone,1e,27.902825035766913,-15.63752063527826,-11.516570043788827,2.542203207784653,55
tri(m-tolyl)phosphine,L14,7.5348351895597,-2.3697512208113998,1.304604798226024,5.887956433914567,5.4110319651574885,-5.707009044444943,9.487857055024268,"2,2,2-trifluoroacetophenone",1f,30.803234717728802,37.10484978457756,14.031181409764843,3.2154127084527104,89
tri(m-tolyl)phosphine,L14,7.5348351895597,-2.3697512208113998,1.304604798226024,5.887956433914567,5.4110319651574885,-5.707009044444943,9.487857055024268,cyclohexyl_phenyl_ketone,1g,-7.659585934412119,-8.849565007430195,11.774728090563029,-2.8858797161316287,58
tri(m-tolyl)phosphine,L14,7.5348351895597,-2.3697512208113998,1.304604798226024,5.887956433914567,5.4110319651574885,-5.707009044444943,9.487857055024268,alpha-tetralone,1h,14.86063464025369,-12.871061944517116,-6.218081388223764,3.0857865070109343,34
tri(m-tolyl)phosphine,L14,7.5348351895597,-2.3697512208113998,1.304604798226024,5.887956433914567,5.4110319651574885,-5.707009044444943,9.487857055024268,beta-tetralone,1i,13.963436549482317,-13.284601026863943,-8.718719772165844,1.620466885060106,95
tri(m-tolyl)phosphine,L14,7.5348351895597,-2.3697512208113998,1.304604798226024,5.887956433914567,5.4110319651574885,-5.707009044444943,9.487857055024268,dicyclohexyl_ketone,1j,-14.929179705109254,-17.054152359078785,26.186334083431547,6.378173402873183,6
tri(o-tolyl)phosphine ,L15,7.069549233328715,0.08110335166373106,-8.227964807683332,6.2483857091724255,-0.7556686083051101,-0.7902335063268191,9.137328292267243,benzophenone,1a,-2.9527000640217973,-1.6961217281303247,0.5224716890894268,-12.49165420330545,4
tri(o-tolyl)phosphine ,L15,7.069549233328715,0.08110335166373106,-8.227964807683332,6.2483857091724255,-0.7556686083051101,-0.7902335063268191,9.137328292267243,"4,4'-dimethylbenzophenone",1b,-17.95550951111908,3.3840298582778043,-2.3530617801951497,-10.414886088004879,2
tri(o-tolyl)phosphine ,L15,7.069549233328715,0.08110335166373106,-8.227964807683332,6.2483857091724255,-0.7556686083051101,-0.7902335063268191,9.137328292267243,"4,4'-dimethoxybenzophenone",1c,-30.739913801339036,12.165785246418636,-13.099883356283257,15.490444734733133,0
tri(o-tolyl)phosphine ,L15,7.069549233328715,0.08110335166373106,-8.227964807683332,6.2483857091724255,-0.7556686083051101,-0.7902335063268191,9.137328292267243,"4,4'-difluorobenzophenone",1d,-13.293241927230437,16.738357812024635,-10.608398932191994,-6.540067438472761,0
tri(o-tolyl)phosphine ,L15,7.069549233328715,0.08110335166373106,-8.227964807683332,6.2483857091724255,-0.7556686083051101,-0.7902335063268191,9.137328292267243,acetophenone,1e,27.902825035766913,-15.63752063527826,-11.516570043788827,2.542203207784653,0
tri(o-tolyl)phosphine ,L15,7.069549233328715,0.08110335166373106,-8.227964807683332,6.2483857091724255,-0.7556686083051101,-0.7902335063268191,9.137328292267243,"2,2,2-trifluoroacetophenone",1f,30.803234717728802,37.10484978457756,14.031181409764843,3.2154127084527104,14
tri(o-tolyl)phosphine ,L15,7.069549233328715,0.08110335166373106,-8.227964807683332,6.2483857091724255,-0.7556686083051101,-0.7902335063268191,9.137328292267243,cyclohexyl_phenyl_ketone,1g,-7.659585934412119,-8.849565007430195,11.774728090563029,-2.8858797161316287,1
tri(o-tolyl)phosphine ,L15,7.069549233328715,0.08110335166373106,-8.227964807683332,6.2483857091724255,-0.7556686083051101,-0.7902335063268191,9.137328292267243,alpha-tetralone,1h,14.86063464025369,-12.871061944517116,-6.218081388223764,3.0857865070109343,2
tri(o-tolyl)phosphine ,L15,7.069549233328715,0.08110335166373106,-8.227964807683332,6.2483857091724255,-0.7556686083051101,-0.7902335063268191,9.137328292267243,beta-tetralone,1i,13.963436549482317,-13.284601026863943,-8.718719772165844,1.620466885060106,7
tri(o-tolyl)phosphine ,L15,7.069549233328715,0.08110335166373106,-8.227964807683332,6.2483857091724255,-0.7556686083051101,-0.7902335063268191,9.137328292267243,dicyclohexyl_ketone,1j,-14.929179705109254,-17.054152359078785,26.186334083431547,6.378173402873183,0
"tris(3,5-dimethylphenyl)phosphine",L16,1.8171937045939315,-7.391447815429646,11.168095578007646,7.902211999616851,11.233583538565561,-4.82822625078422,13.589460741338563,benzophenone,1a,-2.9527000640217973,-1.6961217281303247,0.5224716890894268,-12.49165420330545,97
"tris(3,5-dimethylphenyl)phosphine",L16,1.8171937045939306,-7.391447815429645,11.168095578007646,7.902211999616849,11.233583538565561,-4.82822625078422,13.589460741338563,"4,4'-dimethylbenzophenone",1b,-17.95550951111908,3.3840298582778043,-2.3530617801951497,-10.414886088004879,76
"tris(3,5-dimethylphenyl)phosphine",L16,1.8171937045939315,-7.391447815429646,11.168095578007646,7.902211999616851,11.233583538565561,-4.82822625078422,13.589460741338563,"4,4'-dimethoxybenzophenone",1c,-30.739913801339036,12.165785246418636,-13.099883356283257,15.490444734733133,58
"tris(3,5-dimethylphenyl)phosphine",L16,1.8171937045939315,-7.391447815429646,11.168095578007646,7.902211999616851,11.233583538565561,-4.82822625078422,13.589460741338563,"4,4'-difluorobenzophenone",1d,-13.293241927230437,16.738357812024635,-10.608398932191994,-6.540067438472761,94
"tris(3,5-dimethylphenyl)phosphine",L16,1.8171937045939315,-7.391447815429646,11.168095578007646,7.902211999616851,11.233583538565561,-4.82822625078422,13.589460741338563,acetophenone,1e,27.902825035766913,-15.63752063527826,-11.516570043788827,2.542203207784653,73
"tris(3,5-dimethylphenyl)phosphine",L16,1.8171937045939315,-7.391447815429646,11.168095578007646,7.902211999616851,11.233583538565561,-4.82822625078422,13.589460741338563,"2,2,2-trifluoroacetophenone",1f,30.803234717728802,37.10484978457756,14.031181409764843,3.2154127084527104,87
"tris(3,5-dimethylphenyl)phosphine",L16,1.8171937045939315,-7.391447815429646,11.168095578007646,7.902211999616851,11.233583538565561,-4.82822625078422,13.589460741338563,cyclohexyl_phenyl_ketone,1g,-7.659585934412119,-8.849565007430195,11.774728090563029,-2.8858797161316287,63
"tris(3,5-dimethylphenyl)phosphine",L16,1.8171937045939315,-7.391447815429646,11.168095578007646,7.902211999616851,11.233583538565561,-4.82822625078422,13.589460741338563,alpha-tetralone,1h,14.86063464025369,-12.871061944517116,-6.218081388223764,3.0857865070109343,42
"tris(3,5-dimethylphenyl)phosphine",L16,1.8171937045939315,-7.391447815429646,11.168095578007646,7.902211999616851,11.233583538565561,-4.82822625078422,13.589460741338563,beta-tetralone,1i,13.963436549482317,-13.284601026863943,-8.718719772165844,1.620466885060106,91
"tris(3,5-dimethylphenyl)phosphine",L16,1.8171937045939315,-7.391447815429646,11.168095578007646,7.902211999616851,11.233583538565561,-4.82822625078422,13.589460741338563,dicyclohexyl_ketone,1j,-14.929179705109254,-17.054152359078785,26.186334083431547,6.378173402873183,9
tris(4-methoxyphenyl)phosphine,L17,4.125115812735413,9.833218443352289,5.375431555314823,6.193081415242736,-2.638400058254243,-6.4082149807730024,-4.937917664615831,benzophenone,1a,-2.9527000640217973,-1.6961217281303247,0.5224716890894268,-12.49165420330545,82
tris(4-methoxyphenyl)phosphine,L17,4.125115812735413,9.833218443352289,5.375431555314823,6.193081415242736,-2.638400058254243,-6.4082149807730024,-4.937917664615831,"4,4'-dimethylbenzophenone",1b,-17.95550951111908,3.3840298582778043,-2.3530617801951497,-10.414886088004879,64
tris(4-methoxyphenyl)phosphine,L17,4.125115812735413,9.833218443352289,5.375431555314823,6.193081415242736,-2.638400058254243,-6.4082149807730024,-4.937917664615831,"4,4'-dimethoxybenzophenone",1c,-30.739913801339036,12.165785246418636,-13.099883356283257,15.490444734733133,33
tris(4-methoxyphenyl)phosphine,L17,4.125115812735413,9.833218443352289,5.375431555314823,6.193081415242736,-2.638400058254243,-6.4082149807730024,-4.937917664615831,"4,4'-difluorobenzophenone",1d,-13.293241927230437,16.738357812024635,-10.608398932191994,-6.540067438472761,98
tris(4-methoxyphenyl)phosphine,L17,4.125115812735413,9.833218443352289,5.375431555314823,6.193081415242736,-2.638400058254243,-6.4082149807730024,-4.937917664615831,acetophenone,1e,27.902825035766913,-15.63752063527826,-11.516570043788827,2.542203207784653,56
tris(4-methoxyphenyl)phosphine,L17,4.125115812735413,9.833218443352289,5.375431555314823,6.193081415242736,-2.638400058254243,-6.4082149807730024,-4.937917664615831,"2,2,2-trifluoroacetophenone",1f,30.803234717728802,37.10484978457756,14.031181409764843,3.2154127084527104,85
tris(4-methoxyphenyl)phosphine,L17,4.125115812735413,9.833218443352289,5.375431555314823,6.193081415242736,-2.638400058254243,-6.4082149807730024,-4.937917664615831,cyclohexyl_phenyl_ketone,1g,-7.659585934412119,-8.849565007430195,11.774728090563029,-2.8858797161316287,49
tris(4-methoxyphenyl)phosphine,L17,4.125115812735413,9.833218443352289,5.375431555314823,6.193081415242736,-2.638400058254243,-6.4082149807730024,-4.937917664615831,alpha-tetralone,1h,14.86063464025369,-12.871061944517116,-6.218081388223764,3.0857865070109343,24
tris(4-methoxyphenyl)phosphine,L17,4.125115812735413,9.833218443352289,5.375431555314823,6.193081415242736,-2.638400058254243,-6.4082149807730024,-4.937917664615831,beta-tetralone,1i,13.963436549482317,-13.284601026863943,-8.718719772165844,1.620466885060106,99
tris(4-methoxyphenyl)phosphine,L17,4.125115812735413,9.833218443352289,5.375431555314823,6.193081415242736,-2.638400058254243,-6.4082149807730024,-4.937917664615831,dicyclohexyl_ketone,1j,-14.929179705109254,-17.054152359078785,26.186334083431547,6.378173402873183,2
tris(o-methoxyphenyl)phosphine,L18,-0.3698805084318447,5.7014788577406055,2.6137178175418203,17.308660358018344,-0.7803891921746772,-4.747567620302419,-3.4664341912637187,benzophenone,1a,-2.9527000640217973,-1.6961217281303247,0.5224716890894268,-12.49165420330545,18
tris(o-methoxyphenyl)phosphine,L18,-0.3698805084318432,5.701478857740605,2.6137178175418194,17.308660358018347,-0.7803891921746772,-4.747567620302419,-3.4664341912637187,"4,4'-dimethylbenzophenone",1b,-17.95550951111908,3.3840298582778043,-2.3530617801951497,-10.414886088004879,11
tris(o-methoxyphenyl)phosphine,L18,-0.3698805084318432,5.701478857740605,2.6137178175418194,17.308660358018347,-0.7803891921746772,-4.747567620302419,-3.4664341912637187,"4,4'-dimethoxybenzophenone",1c,-30.739913801339036,12.165785246418636,-13.099883356283257,15.490444734733133,12
tris(o-methoxyphenyl)phosphine,L18,-0.3698805084318432,5.701478857740605,2.6137178175418194,17.308660358018347,-0.7803891921746772,-4.747567620302419,-3.4664341912637187,"4,4'-difluorobenzophenone",1d,-13.293241927230437,16.738357812024635,-10.608398932191994,-6.540067438472761,24
tris(o-methoxyphenyl)phosphine,L18,-0.3698805084318432,5.701478857740605,2.6137178175418194,17.308660358018347,-0.7803891921746772,-4.747567620302419,-3.4664341912637187,acetophenone,1e,27.902825035766913,-15.63752063527826,-11.516570043788827,2.542203207784653,15
tris(o-methoxyphenyl)phosphine,L18,-0.3698805084318432,5.701478857740605,2.6137178175418194,17.308660358018347,-0.7803891921746772,-4.747567620302419,-3.4664341912637187,"2,2,2-trifluoroacetophenone",1f,30.803234717728802,37.10484978457756,14.031181409764843,3.2154127084527104,90
tris(o-methoxyphenyl)phosphine,L18,-0.3698805084318432,5.701478857740605,2.6137178175418194,17.308660358018347,-0.7803891921746772,-4.747567620302419,-3.4664341912637187,cyclohexyl_phenyl_ketone,1g,-7.659585934412119,-8.849565007430195,11.774728090563029,-2.8858797161316287,5
tris(o-methoxyphenyl)phosphine,L18,-0.3698805084318432,5.701478857740605,2.6137178175418194,17.308660358018347,-0.7803891921746772,-4.747567620302419,-3.4664341912637187,alpha-tetralone,1h,14.86063464025369,-12.871061944517116,-6.218081388223764,3.0857865070109343,5
tris(o-methoxyphenyl)phosphine,L18,-0.3698805084318432,5.701478857740605,2.6137178175418194,17.308660358018347,-0.7803891921746772,-4.747567620302419,-3.4664341912637187,beta-tetralone,1i,13.963436549482317,-13.284601026863943,-8.718719772165844,1.620466885060106,78
tris(o-methoxyphenyl)phosphine,L18,-0.3698805084318432,5.701478857740605,2.6137178175418194,17.308660358018347,-0.7803891921746772,-4.747567620302419,-3.4664341912637187,dicyclohexyl_ketone,1j,-14.929179705109254,-17.054152359078785,26.186334083431547,6.378173402873183,0
"tris(2,6-dimethoxyphenyl)phosphine",L19,-13.973826293449148,4.233415484701274,11.05407360968439,31.93561781517224,-2.5134226956331434,-2.5557020186712944,-13.143971129810957,benzophenone,1a,-2.9527000640217973,-1.6961217281303247,0.5224716890894268,-12.49165420330545,8
"tris(2,6-dimethoxyphenyl)phosphine",L19,-13.973826293449148,4.233415484701274,11.05407360968439,31.93561781517224,-2.5134226956331434,-2.5557020186712944,-13.143971129810957,"4,4'-dimethylbenzophenone",1b,-17.95550951111908,3.3840298582778043,-2.3530617801951497,-10.414886088004879,6
"tris(2,6-dimethoxyphenyl)phosphine",L19,-13.973826293449148,4.233415484701274,11.05407360968439,31.93561781517224,-2.5134226956331434,-2.5557020186712944,-13.143971129810957,"4,4'-dimethoxybenzophenone",1c,-30.739913801339036,12.165785246418636,-13.099883356283257,15.490444734733133,5
"tris(2,6-dimethoxyphenyl)phosphine",L19,-13.973826293449148,4.233415484701274,11.05407360968439,31.93561781517224,-2.5134226956331434,-2.5557020186712944,-13.143971129810957,"4,4'-difluorobenzophenone",1d,-13.293241927230437,16.738357812024635,-10.608398932191994,-6.540067438472761,6
"tris(2,6-dimethoxyphenyl)phosphine",L19,-13.973826293449148,4.233415484701274,11.05407360968439,31.93561781517224,-2.5134226956331434,-2.5557020186712944,-13.143971129810957,acetophenone,1e,27.902825035766913,-15.63752063527826,-11.516570043788827,2.542203207784653,6
"tris(2,6-dimethoxyphenyl)phosphine",L19,-13.973826293449148,4.233415484701274,11.05407360968439,31.93561781517224,-2.5134226956331434,-2.5557020186712944,-13.143971129810957,"2,2,2-trifluoroacetophenone",1f,30.803234717728802,37.10484978457756,14.031181409764843,3.2154127084527104,63
"tris(2,6-dimethoxyphenyl)phosphine",L19,-13.973826293449148,4.233415484701274,11.05407360968439,31.93561781517224,-2.5134226956331434,-2.5557020186712944,-13.143971129810957,cyclohexyl_phenyl_ketone,1g,-7.659585934412119,-8.849565007430195,11.774728090563029,-2.8858797161316287,2
"tris(2,6-dimethoxyphenyl)phosphine",L19,-13.973826293449148,4.233415484701274,11.05407360968439,31.93561781517224,-2.5134226956331434,-2.5557020186712944,-13.143971129810957,alpha-tetralone,1h,14.86063464025369,-12.871061944517116,-6.218081388223764,3.0857865070109343,3
"tris(2,6-dimethoxyphenyl)phosphine",L19,-13.973826293449148,4.233415484701274,11.05407360968439,31.93561781517224,-2.5134226956331434,-2.5557020186712944,-13.143971129810957,beta-tetralone,1i,13.963436549482317,-13.284601026863943,-8.718719772165844,1.620466885060106,45
"tris(2,6-dimethoxyphenyl)phosphine",L19,-13.97382629344915,4.233415484701272,11.05407360968439,31.935617815172236,-2.5134226956331434,-2.5557020186712944,-13.143971129810957,dicyclohexyl_ketone,1j,-14.929179705109254,-17.054152359078785,26.186334083431547,6.378173402873183,0
tris(4-fluorophenyl)phosphine,L20,8.82436443428333,21.15005215291841,2.885941103224313,-2.010763116351358,-2.405829378935483,-4.120961249189817,-0.7213455242908255,benzophenone,1a,-2.9527000640217973,-1.6961217281303247,0.5224716890894268,-12.49165420330545,99
tris(4-fluorophenyl)phosphine,L20,8.82436443428333,21.15005215291841,2.885941103224313,-2.010763116351358,-2.405829378935483,-4.120961249189817,-0.7213455242908255,"4,4'-dimethylbenzophenone",1b,-17.95550951111908,3.3840298582778043,-2.3530617801951497,-10.414886088004879,76
tris(4-fluorophenyl)phosphine,L20,8.82436443428333,21.15005215291841,2.885941103224313,-2.010763116351358,-2.405829378935483,-4.120961249189817,-0.7213455242908255,"4,4'-dimethoxybenzophenone",1c,-30.739913801339036,12.165785246418636,-13.099883356283257,15.490444734733133,42
tris(4-fluorophenyl)phosphine,L20,8.82436443428333,21.15005215291841,2.885941103224313,-2.010763116351358,-2.405829378935483,-4.120961249189817,-0.7213455242908255,"4,4'-difluorobenzophenone",1d,-13.293241927230437,16.738357812024635,-10.608398932191994,-6.540067438472761,95
tris(4-fluorophenyl)phosphine,L20,8.82436443428333,21.15005215291841,2.885941103224313,-2.010763116351358,-2.405829378935483,-4.120961249189817,-0.7213455242908255,acetophenone,1e,27.902825035766913,-15.63752063527826,-11.516570043788827,2.542203207784653,48
tris(4-fluorophenyl)phosphine,L20,8.82436443428333,21.15005215291841,2.885941103224313,-2.010763116351358,-2.405829378935483,-4.120961249189817,-0.7213455242908255,"2,2,2-trifluoroacetophenone",1f,30.803234717728802,37.10484978457756,14.031181409764843,3.2154127084527104,92
tris(4-fluorophenyl)phosphine,L20,8.82436443428333,21.15005215291841,2.885941103224313,-2.010763116351358,-2.405829378935483,-4.120961249189817,-0.7213455242908255,cyclohexyl_phenyl_ketone,1g,-7.659585934412119,-8.849565007430195,11.774728090563029,-2.8858797161316287,52
tris(4-fluorophenyl)phosphine,L20,8.82436443428333,21.15005215291841,2.885941103224313,-2.010763116351358,-2.405829378935483,-4.120961249189817,-0.7213455242908255,alpha-tetralone,1h,14.86063464025369,-12.871061944517116,-6.218081388223764,3.0857865070109343,20
tris(4-fluorophenyl)phosphine,L20,8.82436443428333,21.15005215291841,2.885941103224313,-2.010763116351358,-2.405829378935483,-4.120961249189817,-0.7213455242908255,beta-tetralone,1i,13.963436549482317,-13.284601026863943,-8.718719772165844,1.620466885060106,92
tris(4-fluorophenyl)phosphine,L20,8.82436443428333,21.15005215291841,2.885941103224313,-2.010763116351358,-2.405829378935483,-4.120961249189817,-0.7213455242908255,dicyclohexyl_ketone,1j,-14.929179705109254,-17.054152359078785,26.186334083431547,6.378173402873183,2
tris(p-trifluoromethylphenyl)phosphine,L21,-6.511186173709601,41.99297867235217,21.2571369629973,-15.552528859986685,-15.23941037046369,2.893742453688744,4.821691969839639,benzophenone,1a,-2.9527000640217973,-1.6961217281303247,0.5224716890894268,-12.49165420330545,95
tris(p-trifluoromethylphenyl)phosphine,L21,-6.511186173709601,41.99297867235217,21.2571369629973,-15.552528859986685,-15.23941037046369,2.893742453688744,4.821691969839639,"4,4'-dimethylbenzophenone",1b,-17.95550951111908,3.3840298582778043,-2.3530617801951497,-10.414886088004879,48
tris(p-trifluoromethylphenyl)phosphine,L21,-6.511186173709601,41.99297867235217,21.2571369629973,-15.552528859986685,-15.23941037046369,2.893742453688744,4.821691969839639,"4,4'-dimethoxybenzophenone",1c,-30.739913801339036,12.165785246418636,-13.099883356283257,15.490444734733133,21
tris(p-trifluoromethylphenyl)phosphine,L21,-6.511186173709601,41.99297867235217,21.2571369629973,-15.552528859986685,-15.23941037046369,2.893742453688744,4.821691969839639,"4,4'-difluorobenzophenone",1d,-13.293241927230437,16.738357812024635,-10.608398932191994,-6.540067438472761,39
tris(p-trifluoromethylphenyl)phosphine,L21,-6.511186173709601,41.99297867235217,21.2571369629973,-15.552528859986685,-15.23941037046369,2.893742453688744,4.821691969839639,acetophenone,1e,27.902825035766913,-15.63752063527826,-11.516570043788827,2.542203207784653,32
tris(p-trifluoromethylphenyl)phosphine,L21,-6.511186173709601,41.99297867235217,21.2571369629973,-15.552528859986685,-15.23941037046369,2.893742453688744,4.821691969839639,"2,2,2-trifluoroacetophenone",1f,30.803234717728802,37.10484978457756,14.031181409764843,3.2154127084527104,91
tris(p-trifluoromethylphenyl)phosphine,L21,-6.511186173709601,41.99297867235217,21.2571369629973,-15.552528859986685,-15.23941037046369,2.893742453688744,4.821691969839639,cyclohexyl_phenyl_ketone,1g,-7.659585934412119,-8.849565007430195,11.774728090563029,-2.8858797161316287,30
tris(p-trifluoromethylphenyl)phosphine,L21,-6.511186173709601,41.99297867235217,21.2571369629973,-15.552528859986685,-15.23941037046369,2.893742453688744,4.821691969839639,alpha-tetralone,1h,14.86063464025369,-12.871061944517116,-6.218081388223764,3.0857865070109343,19
tris(p-trifluoromethylphenyl)phosphine,L21,-6.511186173709603,41.99297867235217,21.257136962997293,-15.552528859986683,-15.23941037046369,2.893742453688744,4.821691969839639,beta-tetralone,1i,13.963436549482317,-13.284601026863943,-8.718719772165844,1.620466885060106,94
tris(p-trifluoromethylphenyl)phosphine,L21,-6.511186173709601,41.99297867235217,21.2571369629973,-15.552528859986685,-15.23941037046369,2.893742453688744,4.821691969839639,dicyclohexyl_ketone,1j,-14.929179705109254,-17.054152359078785,26.186334083431547,6.378173402873183,3
tri(2-furyl)phosphine,L22,23.4034011249327,18.0892991419681,-14.333652441363387,12.415237124389492,7.556138618770628,25.850741601438344,2.6292988386679257,benzophenone,1a,-2.9527000640217973,-1.6961217281303247,0.5224716890894268,-12.49165420330545,30
tri(2-furyl)phosphine,L22,23.4034011249327,18.0892991419681,-14.333652441363387,12.415237124389492,7.556138618770628,25.850741601438344,2.6292988386679257,"4,4'-dimethylbenzophenone",1b,-17.95550951111908,3.3840298582778043,-2.3530617801951497,-10.414886088004879,13
tri(2-furyl)phosphine,L22,23.4034011249327,18.0892991419681,-14.333652441363387,12.415237124389492,7.556138618770628,25.850741601438344,2.6292988386679257,"4,4'-dimethoxybenzophenone",1c,-30.739913801339036,12.165785246418636,-13.099883356283257,15.490444734733133,7
tri(2-furyl)phosphine,L22,23.4034011249327,18.0892991419681,-14.333652441363387,12.415237124389492,7.556138618770628,25.850741601438344,2.6292988386679257,"4,4'-difluorobenzophenone",1d,-13.293241927230437,16.738357812024635,-10.608398932191994,-6.540067438472761,52
tri(2-furyl)phosphine,L22,23.4034011249327,18.0892991419681,-14.333652441363387,12.415237124389492,7.556138618770628,25.850741601438344,2.6292988386679257,acetophenone,1e,27.902825035766913,-15.63752063527826,-11.516570043788827,2.542203207784653,12
tri(2-furyl)phosphine,L22,23.4034011249327,18.0892991419681,-14.333652441363387,12.415237124389492,7.556138618770628,25.850741601438344,2.6292988386679257,"2,2,2-trifluoroacetophenone",1f,30.803234717728802,37.10484978457756,14.031181409764843,3.2154127084527104,81
tri(2-furyl)phosphine,L22,23.4034011249327,18.0892991419681,-14.333652441363387,12.415237124389492,7.556138618770628,25.850741601438344,2.6292988386679257,cyclohexyl_phenyl_ketone,1g,-7.659585934412119,-8.849565007430195,11.774728090563029,-2.8858797161316287,10
tri(2-furyl)phosphine,L22,23.4034011249327,18.0892991419681,-14.333652441363387,12.415237124389492,7.556138618770628,25.850741601438344,2.6292988386679257,alpha-tetralone,1h,14.86063464025369,-12.871061944517116,-6.218081388223764,3.0857865070109343,5
tri(2-furyl)phosphine,L22,23.4034011249327,18.0892991419681,-14.333652441363387,12.415237124389492,7.556138618770628,25.850741601438344,2.6292988386679257,beta-tetralone,1i,13.963436549482317,-13.284601026863943,-8.718719772165844,1.620466885060106,43
tri(2-furyl)phosphine,L22,23.4034011249327,18.0892991419681,-14.333652441363387,12.415237124389492,7.556138618770628,25.850741601438344,2.6292988386679257,dicyclohexyl_ketone,1j,-14.929179705109254,-17.054152359078785,26.186334083431547,6.378173402873183,1
tri-n-butylphosphine,L23,34.33994263642076,-16.021938497863438,-0.27537252180770916,-4.349368756496005,-12.892587336633843,-2.1075776855894137,-9.369227945951518,benzophenone,1a,-2.9527000640217973,-1.6961217281303247,0.5224716890894268,-12.49165420330545,7
tri-n-butylphosphine,L23,34.33994263642076,-16.021938497863438,-0.27537252180770916,-4.349368756496005,-12.892587336633843,-2.1075776855894137,-9.369227945951518,"4,4'-dimethylbenzophenone",1b,-17.95550951111908,3.3840298582778043,-2.3530617801951497,-10.414886088004879,4
tri-n-butylphosphine,L23,34.33994263642076,-16.021938497863438,-0.27537252180770916,-4.349368756496005,-12.892587336633843,-2.1075776855894137,-9.369227945951518,"4,4'-dimethoxybenzophenone",1c,-30.739913801339036,12.165785246418636,-13.099883356283257,15.490444734733133,1
tri-n-butylphosphine,L23,34.33994263642076,-16.021938497863438,-0.27537252180770916,-4.349368756496005,-12.892587336633843,-2.1075776855894137,-9.369227945951518,"4,4'-difluorobenzophenone",1d,-13.293241927230437,16.738357812024635,-10.608398932191994,-6.540067438472761,93
tri-n-butylphosphine,L23,34.33994263642076,-16.021938497863438,-0.27537252180770916,-4.349368756496005,-12.892587336633843,-2.1075776855894137,-9.369227945951518,acetophenone,1e,27.902825035766913,-15.63752063527826,-11.516570043788827,2.542203207784653,77
tri-n-butylphosphine,L23,34.33994263642076,-16.021938497863438,-0.27537252180770916,-4.349368756496005,-12.892587336633843,-2.1075776855894137,-9.369227945951518,"2,2,2-trifluoroacetophenone",1f,30.803234717728802,37.10484978457756,14.031181409764843,3.2154127084527104,82
tri-n-butylphosphine,L23,34.33994263642076,-16.021938497863438,-0.27537252180770916,-4.349368756496005,-12.892587336633843,-2.1075776855894137,-9.369227945951518,cyclohexyl_phenyl_ketone,1g,-7.659585934412119,-8.849565007430195,11.774728090563029,-2.8858797161316287,41
tri-n-butylphosphine,L23,34.339942636420766,-16.02193849786343,-0.27537252180770755,-4.349368756496002,-12.892587336633843,-2.1075776855894137,-9.369227945951518,alpha-tetralone,1h,14.86063464025369,-12.871061944517116,-6.218081388223764,3.0857865070109343,2
tri-n-butylphosphine,L23,34.33994263642076,-16.021938497863438,-0.27537252180770916,-4.349368756496005,-12.892587336633843,-2.1075776855894137,-9.369227945951518,beta-tetralone,1i,13.963436549482317,-13.284601026863943,-8.718719772165844,1.620466885060106,23
tri-n-butylphosphine,L23,34.33994263642076,-16.021938497863438,-0.27537252180770916,-4.349368756496005,-12.892587336633843,-2.1075776855894137,-9.369227945951518,dicyclohexyl_ketone,1j,-14.929179705109254,-17.054152359078785,26.186334083431547,6.378173402873183,0
tricyclohexylphosphine ,L24,16.05935053674018,-16.114518098944018,-1.1325615561630522,-6.342132343678794,-9.592153232502056,3.5842798513266576,-3.307267284215591,benzophenone,1a,-2.9527000640217973,-1.6961217281303247,0.5224716890894268,-12.49165420330545,15
tricyclohexylphosphine ,L24,16.05935053674018,-16.114518098944018,-1.1325615561630522,-6.342132343678794,-9.592153232502056,3.5842798513266576,-3.307267284215591,"4,4'-dimethylbenzophenone",1b,-17.95550951111908,3.3840298582778043,-2.3530617801951497,-10.414886088004879,8
tricyclohexylphosphine ,L24,16.05935053674018,-16.114518098944018,-1.1325615561630522,-6.342132343678794,-9.592153232502056,3.5842798513266576,-3.307267284215591,"4,4'-dimethoxybenzophenone",1c,-30.739913801339036,12.165785246418636,-13.099883356283257,15.490444734733133,2
tricyclohexylphosphine ,L24,16.05935053674018,-16.114518098944018,-1.1325615561630522,-6.342132343678794,-9.592153232502056,3.5842798513266576,-3.307267284215591,"4,4'-difluorobenzophenone",1d,-13.293241927230437,16.738357812024635,-10.608398932191994,-6.540067438472761,21
tricyclohexylphosphine ,L24,16.05935053674018,-16.114518098944018,-1.1325615561630522,-6.342132343678794,-9.592153232502056,3.5842798513266576,-3.307267284215591,acetophenone,1e,27.902825035766913,-15.63752063527826,-11.516570043788827,2.542203207784653,11
tricyclohexylphosphine ,L24,16.05935053674018,-16.114518098944018,-1.1325615561630522,-6.342132343678794,-9.592153232502056,3.5842798513266576,-3.307267284215591,"2,2,2-trifluoroacetophenone",1f,30.803234717728802,37.10484978457756,14.031181409764843,3.2154127084527104,77
tricyclohexylphosphine ,L24,16.059350536740176,-16.114518098944018,-1.132561556163054,-6.342132343678796,-9.592153232502056,3.5842798513266576,-3.307267284215591,cyclohexyl_phenyl_ketone,1g,-7.659585934412119,-8.849565007430195,11.774728090563029,-2.8858797161316287,3
tricyclohexylphosphine ,L24,16.05935053674018,-16.114518098944018,-1.1325615561630522,-6.342132343678794,-9.592153232502056,3.5842798513266576,-3.307267284215591,alpha-tetralone,1h,14.86063464025369,-12.871061944517116,-6.218081388223764,3.0857865070109343,2
tricyclohexylphosphine ,L24,16.05935053674018,-16.114518098944018,-1.1325615561630522,-6.342132343678794,-9.592153232502056,3.5842798513266576,-3.307267284215591,beta-tetralone,1i,13.963436549482317,-13.284601026863943,-8.718719772165844,1.620466885060106,53
tricyclohexylphosphine ,L24,16.05935053674018,-16.114518098944018,-1.1325615561630522,-6.342132343678794,-9.592153232502056,3.5842798513266576,-3.307267284215591,dicyclohexyl_ketone,1j,-14.929179705109254,-17.054152359078785,26.186334083431547,6.378173402873183,0
methyldiphenylphosphine,L25,25.809480261523184,3.656604382350825,-5.3276340430176345,-1.6859889999923448,0.15606064864757396,-6.9340959665315225,0.144764995950388,benzophenone,1a,-2.9527000640217973,-1.6961217281303247,0.5224716890894268,-12.49165420330545,8
methyldiphenylphosphine,L25,25.809480261523184,3.656604382350825,-5.3276340430176345,-1.6859889999923448,0.15606064864757396,-6.9340959665315225,0.144764995950388,"4,4'-dimethylbenzophenone",1b,-17.95550951111908,3.3840298582778043,-2.3530617801951497,-10.414886088004879,9
methyldiphenylphosphine,L25,25.809480261523184,3.656604382350825,-5.3276340430176345,-1.6859889999923448,0.15606064864757396,-6.9340959665315225,0.144764995950388,"4,4'-dimethoxybenzophenone",1c,-30.739913801339036,12.165785246418636,-13.099883356283257,15.490444734733133,1
methyldiphenylphosphine,L25,25.809480261523184,3.656604382350825,-5.3276340430176345,-1.6859889999923448,0.15606064864757396,-6.9340959665315225,0.144764995950388,"4,4'-difluorobenzophenone",1d,-13.293241927230437,16.738357812024635,-10.608398932191994,-6.540067438472761,12
methyldiphenylphosphine,L25,25.809480261523184,3.656604382350825,-5.3276340430176345,-1.6859889999923448,0.15606064864757396,-6.9340959665315225,0.144764995950388,acetophenone,1e,27.902825035766913,-15.63752063527826,-11.516570043788827,2.542203207784653,69
methyldiphenylphosphine,L25,25.80948026152318,3.6566043823508267,-5.327634043017635,-1.685988999992346,0.15606064864757396,-6.9340959665315225,0.144764995950388,"2,2,2-trifluoroacetophenone",1f,30.803234717728802,37.10484978457756,14.031181409764843,3.2154127084527104,35
methyldiphenylphosphine,L25,25.809480261523184,3.656604382350825,-5.3276340430176345,-1.6859889999923448,0.15606064864757396,-6.9340959665315225,0.144764995950388,cyclohexyl_phenyl_ketone,1g,-7.659585934412119,-8.849565007430195,11.774728090563029,-2.8858797161316287,1
methyldiphenylphosphine,L25,25.809480261523184,3.656604382350825,-5.3276340430176345,-1.6859889999923448,0.15606064864757396,-6.9340959665315225,0.144764995950388,alpha-tetralone,1h,14.86063464025369,-12.871061944517116,-6.218081388223764,3.0857865070109343,2
methyldiphenylphosphine,L25,25.809480261523184,3.656604382350825,-5.3276340430176345,-1.6859889999923448,0.15606064864757396,-6.9340959665315225,0.144764995950388,beta-tetralone,1i,13.963436549482317,-13.284601026863943,-8.718719772165844,1.620466885060106,12
methyldiphenylphosphine,L25,25.809480261523184,3.656604382350825,-5.3276340430176345,-1.6859889999923448,0.15606064864757396,-6.9340959665315225,0.144764995950388,dicyclohexyl_ketone,1j,-14.929179705109254,-17.054152359078785,26.186334083431547,6.378173402873183,1
johnphos,L26,10.249189562137346,-9.138411687857031,15.117415589026187,-1.5314782480302007,10.225946150556606,3.7108732514151614,8.447832354051787,benzophenone,1a,-2.9527000640217973,-1.6961217281303247,0.5224716890894268,-12.49165420330545,2
johnphos,L26,10.249189562137346,-9.138411687857031,15.117415589026187,-1.5314782480302007,10.225946150556606,3.7108732514151614,8.447832354051787,"4,4'-dimethylbenzophenone",1b,-17.95550951111908,3.3840298582778043,-2.3530617801951497,-10.414886088004879,1
johnphos,L26,10.249189562137346,-9.138411687857031,15.117415589026187,-1.5314782480302007,10.225946150556606,3.7108732514151614,8.447832354051787,"4,4'-dimethoxybenzophenone",1c,-30.739913801339036,12.165785246418636,-13.099883356283257,15.490444734733133,2
johnphos,L26,10.249189562137346,-9.138411687857031,15.117415589026187,-1.5314782480302007,10.225946150556606,3.7108732514151614,8.447832354051787,"4,4'-difluorobenzophenone",1d,-13.293241927230437,16.738357812024635,-10.608398932191994,-6.540067438472761,2
johnphos,L26,10.249189562137344,-9.138411687857033,15.117415589026187,-1.5314782480302007,10.225946150556606,3.7108732514151614,8.447832354051787,acetophenone,1e,27.902825035766913,-15.63752063527826,-11.516570043788827,2.542203207784653,1
johnphos,L26,10.249189562137346,-9.138411687857031,15.117415589026187,-1.5314782480302007,10.225946150556606,3.7108732514151614,8.447832354051787,"2,2,2-trifluoroacetophenone",1f,30.803234717728802,37.10484978457756,14.031181409764843,3.2154127084527104,17
johnphos,L26,10.249189562137346,-9.138411687857031,15.117415589026187,-1.5314782480302007,10.225946150556606,3.7108732514151614,8.447832354051787,cyclohexyl_phenyl_ketone,1g,-7.659585934412119,-8.849565007430195,11.774728090563029,-2.8858797161316287,1
johnphos,L26,10.249189562137346,-9.138411687857031,15.117415589026187,-1.5314782480302007,10.225946150556606,3.7108732514151614,8.447832354051787,alpha-tetralone,1h,14.86063464025369,-12.871061944517116,-6.218081388223764,3.0857865070109343,1
johnphos,L26,10.249189562137346,-9.138411687857031,15.117415589026187,-1.5314782480302007,10.225946150556606,3.7108732514151614,8.447832354051787,beta-tetralone,1i,13.963436549482317,-13.284601026863943,-8.718719772165844,1.620466885060106,4
johnphos,L26,10.249189562137346,-9.138411687857031,15.117415589026187,-1.5314782480302007,10.225946150556606,3.7108732514151614,8.447832354051787,dicyclohexyl_ketone,1j,-14.929179705109254,-17.054152359078785,26.186334083431547,6.378173402873183,0
ruphos,L27,-14.798955099874679,-12.203167833317703,3.898638610496523,4.500586244552115,-11.994916037528494,7.529725454754365,1.5388645694484324,benzophenone,1a,-2.9527000640217973,-1.6961217281303247,0.5224716890894268,-12.49165420330545,5
ruphos,L27,-14.798955099874679,-12.203167833317703,3.898638610496523,4.500586244552115,-11.994916037528494,7.529725454754365,1.5388645694484324,"4,4'-dimethylbenzophenone",1b,-17.95550951111908,3.3840298582778043,-2.3530617801951497,-10.414886088004879,3
ruphos,L27,-14.798955099874679,-12.203167833317703,3.898638610496523,4.500586244552115,-11.994916037528494,7.529725454754365,1.5388645694484324,"4,4'-dimethoxybenzophenone",1c,-30.739913801339036,12.165785246418636,-13.099883356283257,15.490444734733133,2
ruphos,L27,-14.798955099874679,-12.203167833317703,3.898638610496524,4.500586244552115,-11.994916037528494,7.529725454754365,1.5388645694484324,"4,4'-difluorobenzophenone",1d,-13.293241927230437,16.738357812024635,-10.608398932191994,-6.540067438472761,6
ruphos,L27,-14.798955099874679,-12.203167833317703,3.898638610496523,4.500586244552115,-11.994916037528494,7.529725454754365,1.5388645694484324,acetophenone,1e,27.902825035766913,-15.63752063527826,-11.516570043788827,2.542203207784653,2
ruphos,L27,-14.798955099874679,-12.203167833317703,3.898638610496523,4.500586244552115,-11.994916037528494,7.529725454754365,1.5388645694484324,"2,2,2-trifluoroacetophenone",1f,30.803234717728802,37.10484978457756,14.031181409764843,3.2154127084527104,64
ruphos,L27,-14.798955099874679,-12.203167833317703,3.898638610496523,4.500586244552115,-11.994916037528494,7.529725454754365,1.5388645694484324,cyclohexyl_phenyl_ketone,1g,-7.659585934412119,-8.849565007430195,11.774728090563029,-2.8858797161316287,3
ruphos,L27,-14.798955099874679,-12.203167833317703,3.898638610496523,4.500586244552115,-11.994916037528494,7.529725454754365,1.5388645694484324,alpha-tetralone,1h,14.86063464025369,-12.871061944517116,-6.218081388223764,3.0857865070109343,1
ruphos,L27,-14.798955099874679,-12.203167833317703,3.898638610496523,4.500586244552115,-11.994916037528494,7.529725454754365,1.5388645694484324,beta-tetralone,1i,13.963436549482317,-13.284601026863943,-8.718719772165844,1.620466885060106,14
ruphos,L27,-14.798955099874679,-12.203167833317703,3.898638610496523,4.500586244552115,-11.994916037528494,7.529725454754365,1.5388645694484324,dicyclohexyl_ketone,1j,-14.929179705109254,-17.054152359078785,26.186334083431547,6.378173402873183,0
cyjohnphos,L28,1.6121500085611111,-9.51396188158976,-4.095277219188452,-1.5719114948760482,-7.799549338602301,1.8196435280190595,3.0434447211474067,benzophenone,1a,-2.9527000640217973,-1.6961217281303247,0.5224716890894268,-12.49165420330545,6
cyjohnphos,L28,1.6121500085611111,-9.51396188158976,-4.095277219188452,-1.5719114948760482,-7.799549338602301,1.8196435280190595,3.0434447211474067,"4,4'-dimethylbenzophenone",1b,-17.95550951111908,3.3840298582778043,-2.3530617801951497,-10.414886088004879,4
cyjohnphos,L28,1.6121500085611107,-9.51396188158976,-4.095277219188451,-1.571911494876048,-7.799549338602301,1.8196435280190595,3.0434447211474067,"4,4'-dimethoxybenzophenone",1c,-30.739913801339036,12.165785246418636,-13.099883356283257,15.490444734733133,2
cyjohnphos,L28,1.6121500085611111,-9.51396188158976,-4.095277219188452,-1.5719114948760482,-7.799549338602301,1.8196435280190595,3.0434447211474067,"4,4'-difluorobenzophenone",1d,-13.293241927230437,16.738357812024635,-10.608398932191994,-6.540067438472761,7
cyjohnphos,L28,1.6121500085611111,-9.51396188158976,-4.095277219188452,-1.5719114948760482,-7.799549338602301,1.8196435280190595,3.0434447211474067,acetophenone,1e,27.902825035766913,-15.63752063527826,-11.516570043788827,2.542203207784653,4
cyjohnphos,L28,1.6121500085611111,-9.51396188158976,-4.095277219188452,-1.5719114948760482,-7.799549338602301,1.8196435280190595,3.0434447211474067,"2,2,2-trifluoroacetophenone",1f,30.803234717728802,37.10484978457756,14.031181409764843,3.2154127084527104,62
cyjohnphos,L28,1.6121500085611111,-9.51396188158976,-4.095277219188452,-1.5719114948760482,-7.799549338602301,1.8196435280190595,3.0434447211474067,cyclohexyl_phenyl_ketone,1g,-7.659585934412119,-8.849565007430195,11.774728090563029,-2.8858797161316287,2
cyjohnphos,L28,1.6121500085611111,-9.51396188158976,-4.095277219188452,-1.5719114948760482,-7.799549338602301,1.8196435280190595,3.0434447211474067,alpha-tetralone,1h,14.86063464025369,-12.871061944517116,-6.218081388223764,3.0857865070109343,2
cyjohnphos,L28,1.6121500085611111,-9.51396188158976,-4.095277219188452,-1.5719114948760482,-7.799549338602301,1.8196435280190595,3.0434447211474067,beta-tetralone,1i,13.963436549482317,-13.284601026863943,-8.718719772165844,1.620466885060106,6
cyjohnphos,L28,1.6121500085611111,-9.51396188158976,-4.095277219188452,-1.5719114948760482,-7.799549338602301,1.8196435280190595,3.0434447211474067,dicyclohexyl_ketone,1j,-14.929179705109254,-17.054152359078785,26.186334083431547,6.378173402873183,0
xphos,L29,-17.346427934140795,-18.34066399975945,1.6787191555169558,-1.6964782516397447,-13.086684023435078,10.048361864666086,6.731815636177832,benzophenone,1a,-2.9527000640217973,-1.6961217281303247,0.5224716890894268,-12.49165420330545,2
xphos,L29,-17.346427934140795,-18.340663999759453,1.6787191555169558,-1.6964782516397456,-13.086684023435078,10.048361864666086,6.731815636177832,"4,4'-dimethylbenzophenone",1b,-17.95550951111908,3.3840298582778043,-2.3530617801951497,-10.414886088004879,1
xphos,L29,-17.346427934140795,-18.34066399975945,1.6787191555169558,-1.6964782516397447,-13.086684023435078,10.048361864666086,6.731815636177832,"4,4'-dimethoxybenzophenone",1c,-30.739913801339036,12.165785246418636,-13.099883356283257,15.490444734733133,2
xphos,L29,-17.346427934140795,-18.34066399975945,1.6787191555169558,-1.6964782516397447,-13.086684023435078,10.048361864666086,6.731815636177832,"4,4'-difluorobenzophenone",1d,-13.293241927230437,16.738357812024635,-10.608398932191994,-6.540067438472761,3
xphos,L29,-17.346427934140795,-18.34066399975945,1.6787191555169558,-1.6964782516397447,-13.086684023435078,10.048361864666086,6.731815636177832,acetophenone,1e,27.902825035766913,-15.63752063527826,-11.516570043788827,2.542203207784653,2
xphos,L29,-17.346427934140795,-18.34066399975945,1.6787191555169558,-1.6964782516397447,-13.086684023435078,10.048361864666086,6.731815636177832,"2,2,2-trifluoroacetophenone",1f,30.803234717728802,37.10484978457756,14.031181409764843,3.2154127084527104,62
xphos,L29,-17.346427934140795,-18.34066399975945,1.6787191555169558,-1.6964782516397447,-13.086684023435078,10.048361864666086,6.731815636177832,cyclohexyl_phenyl_ketone,1g,-7.659585934412119,-8.849565007430195,11.774728090563029,-2.8858797161316287,1
xphos,L29,-17.346427934140795,-18.34066399975945,1.6787191555169558,-1.6964782516397447,-13.086684023435078,10.048361864666086,6.731815636177832,alpha-tetralone,1h,14.86063464025369,-12.871061944517116,-6.218081388223764,3.0857865070109343,1
xphos,L29,-17.346427934140795,-18.34066399975945,1.6787191555169558,-1.6964782516397447,-13.086684023435078,10.048361864666086,6.731815636177832,beta-tetralone,1i,13.963436549482317,-13.284601026863943,-8.718719772165844,1.620466885060106,5
xphos,L29,-17.346427934140795,-18.34066399975945,1.6787191555169558,-1.6964782516397447,-13.086684023435078,10.048361864666086,6.731815636177832,dicyclohexyl_ketone,1j,-14.929179705109254,-17.054152359078785,26.186334083431547,6.378173402873183,0
sphos,L30,-7.1183823090843195,-7.07965921323973,0.2654245275257498,3.6414634161678165,-10.983763834406531,6.694754578355387,0.6493829140656776,benzophenone,1a,-2.9527000640217973,-1.6961217281303247,0.5224716890894268,-12.49165420330545,5
sphos,L30,-7.118382309084318,-7.079659213239734,0.26542452752575063,3.6414634161678174,-10.983763834406531,6.694754578355387,0.6493829140656776,"4,4'-dimethylbenzophenone",1b,-17.95550951111908,3.3840298582778043,-2.3530617801951497,-10.414886088004879,2
sphos,L30,-7.118382309084318,-7.079659213239734,0.26542452752575063,3.6414634161678174,-10.983763834406531,6.694754578355387,0.6493829140656776,"4,4'-dimethoxybenzophenone",1c,-30.739913801339036,12.165785246418636,-13.099883356283257,15.490444734733133,3
sphos,L30,-7.118382309084318,-7.079659213239734,0.26542452752575063,3.6414634161678174,-10.983763834406531,6.694754578355387,0.6493829140656776,"4,4'-difluorobenzophenone",1d,-13.293241927230437,16.738357812024635,-10.608398932191994,-6.540067438472761,10
sphos,L30,-7.118382309084318,-7.079659213239734,0.26542452752575063,3.6414634161678174,-10.983763834406531,6.694754578355387,0.6493829140656776,acetophenone,1e,27.902825035766913,-15.63752063527826,-11.516570043788827,2.542203207784653,4
sphos,L30,-7.118382309084318,-7.079659213239734,0.26542452752575063,3.6414634161678174,-10.983763834406531,6.694754578355387,0.6493829140656776,"2,2,2-trifluoroacetophenone",1f,30.803234717728802,37.10484978457756,14.031181409764843,3.2154127084527104,86
sphos,L30,-7.118382309084318,-7.079659213239734,0.26542452752575063,3.6414634161678174,-10.983763834406531,6.694754578355387,0.6493829140656776,cyclohexyl_phenyl_ketone,1g,-7.659585934412119,-8.849565007430195,11.774728090563029,-2.8858797161316287,1
sphos,L30,-7.118382309084318,-7.079659213239734,0.26542452752575063,3.6414634161678174,-10.983763834406531,6.694754578355387,0.6493829140656776,alpha-tetralone,1h,14.86063464025369,-12.871061944517116,-6.218081388223764,3.0857865070109343,2
sphos,L30,-7.118382309084318,-7.079659213239734,0.26542452752575063,3.6414634161678174,-10.983763834406531,6.694754578355387,0.6493829140656776,beta-tetralone,1i,13.963436549482317,-13.284601026863943,-8.718719772165844,1.620466885060106,9
sphos,L30,-7.1183823090843195,-7.07965921323973,0.2654245275257498,3.6414634161678165,-10.983763834406531,6.694754578355387,0.6493829140656776,dicyclohexyl_ketone,1j,-14.929179705109254,-17.054152359078785,26.186334083431547,6.378173402873183,0
